Date,Portfolio_Return
2015-01-02,0.0
2015-01-05,0.0
2015-01-06,0.006192933837449634
2015-01-07,-0.01012877724960426
2015-01-08,0.00437195990208137
2015-01-09,0.0030795584291489157
2015-01-12,-0.002923398181889943
2015-01-13,-0.0028180157353040816
2015-01-14,-0.002353352501614802
2015-01-15,0.005958445064465405
2015-01-16,-0.0024701744990947502
2015-01-20,0.001957318047661701
2015-01-21,-0.0011117850772768955
2015-01-22,0.002292073654856616
2015-01-23,-0.002892540092767182
2015-01-26,0.007944279246360767
2015-01-27,0.004487374220767497
2015-01-28,0.0018195499541482675
2015-01-29,0.003357628176913273
2015-01-30,0.011425882468156196
2015-02-02,0.0045516278767964505
2015-02-03,0.00241825405182679
2015-02-04,-0.01862061474301141
2015-02-05,0.0013764457830204213
2015-02-06,0.0015312390595958267
2015-02-09,0.004154439960887441
2015-02-10,-0.0024337308921889515
2015-02-11,-0.008012193212964609
2015-02-12,-0.0062011490920853615
2015-02-13,-0.002912780669788791
2015-02-17,0.0025402547168898227
2015-02-18,-0.005729352192856615
2015-02-19,-0.003339481988706816
2015-02-20,0.0017862872828404454
2015-02-23,0.0014572764133697902
2015-02-24,0.0017050410961247033
2015-02-25,0.0016971327150093612
2015-02-26,0.003430153510843312
2015-02-27,-0.00333752170687352
2015-03-02,0.00563052497930409
2015-03-03,0.002520006790739537
2015-03-04,6.74835579301568E-4
2015-03-05,0.0026739317202112015
2015-03-06,0.0024072828938062696
2015-03-09,-0.003495779735201099
2015-03-10,-0.0016146698432048625
2015-03-11,0.0103549838424244
2015-03-12,-8.603011329650109E-4
2015-03-13,-0.0018751761190832356
2015-03-16,4.355146618204575E-4
2015-03-17,-0.003298019819640982
2015-03-18,0.0017854498317928966
2015-03-19,-0.008290294633715072
2015-03-20,0.0033098509373470134
2015-03-23,0.005617188739558701
2015-03-24,0.006896926003117476
2015-03-25,-3.394535680618061E-4
2015-03-26,0.005292093821962035
2015-03-27,0.011138688160475075
2015-03-30,0.005288073825740668
2015-03-31,9.137803782418403E-4
2015-04-01,-0.004380531067923399
2015-04-02,-8.150527954471847E-4
2015-04-06,0.006599292686004403
2015-04-07,5.126479745468648E-4
2015-04-08,-0.014378804434900003
2015-04-09,-0.002572616591368218
2015-04-10,0.004692845427608255
2015-04-13,-0.004228577500045539
2015-04-14,-0.004243771071669033
2015-04-15,0.0010101264380651953
2015-04-16,0.010559342108740023
2015-04-17,0.007017803433427861
2015-04-20,-0.0016302724597994237
2015-04-21,-0.004065621244816737
2015-04-22,0.0015130042234337807
2015-04-23,-0.004654933252169565
2015-04-24,0.004331389561047172
2015-04-27,-0.001026092923964144
2015-04-28,-0.0021652978930051334
2015-04-29,-0.005787665705710053
2015-04-30,0.01135199670764421
2015-05-01,-0.0012720079710788427
2015-05-04,0.002453690814246475
2015-05-05,-0.002184781445041937
2015-05-06,0.00826734859570966
2015-05-07,0.0013666880120546821
2015-05-08,-0.004010498415593898
2015-05-11,0.006031625109704457
2015-05-12,-9.300471340328377E-4
2015-05-13,0.0011526340052021517
2015-05-14,0.0018446457232850176
2015-05-15,-0.0019464374874947944
2015-05-18,4.7586949173444463E-4
2015-05-19,5.702232499028214E-4
2015-05-20,0.003926833531287684
2015-05-21,-6.331441465975604E-4
2015-05-22,0.002181375219151386
2015-05-26,0.0023208846849121882
2015-05-27,-0.0023202140300599824
2015-05-28,-0.0018730422022072322
2015-05-29,0.0017982356487278972
2015-06-01,0.006506533201192089
2015-06-02,-0.003244637940716687
2015-06-03,0.001012770449936818
2015-06-04,-0.004187002678180855
2015-06-05,-0.001848783778239143
2015-06-08,-0.002685360350348138
2015-06-09,0.009234761766002958
2015-06-10,0.0017972027641264563
2015-06-11,0.00449873694277011
2015-06-12,3.849483263015929E-5
2015-06-15,-5.809557464676151E-4
2015-06-16,0.0010451658102057296
2015-06-17,-0.004975093740834373
2015-06-18,0.002023147000530198
2015-06-19,-0.003937657818271666
2015-06-22,0.0010640588707520125
2015-06-23,0.006416819671968324
2015-06-24,-0.0038403280456308798
2015-06-25,0.003385464958973799
2015-06-26,-0.009589552933858441
2015-06-29,0.003608860701745862
2015-06-30,0.009428636632791755
2015-07-01,5.978056436176364E-4
2015-07-02,-0.006991041527474694
2015-07-06,-0.002012063960483099
2015-07-07,-0.007625771493061665
2015-07-08,0.006255654931780523
2015-07-09,0.010793390032539514
2015-07-10,-2.9707746027526905E-4
2015-07-13,-0.00673933637648781
2015-07-14,0.0010385892945720477
2015-07-15,-0.010435644052180573
2015-07-16,-0.0029357641601706575
2015-07-17,-0.0018794321692774038
2015-07-20,0.002281148233647684
2015-07-21,-0.0017940967858712862
2015-07-22,0.0010498989838396016
2015-07-23,-0.01358208123400755
2015-07-24,-0.005424421255942094
2015-07-27,0.018069350684107477
2015-07-28,-6.493753727916385E-4
2015-07-29,0.002549100130212443
2015-07-30,-0.005848211271352473
2015-07-31,-0.008031773275934944
2015-08-03,0.0071401544299504885
2015-08-04,-0.006793846302671718
2015-08-05,0.005486745475944743
2015-08-06,0.008057926340916552
2015-08-07,0.004306518413761669
2015-08-10,0.00716841299805973
2015-08-11,0.0033501116096856447
2015-08-12,0.0019233301815950316
2015-08-13,0.001401021661595725
2015-08-14,-0.002390860016387251
2015-08-17,0.00205570992583016
2015-08-18,0.004770960196234908
2015-08-19,-0.013329520971916937
2015-08-20,-0.0271244191422929
2015-08-21,-0.04077358934488276
2015-08-24,-0.009982477438543717
2015-08-25,0.03326788464837398
2015-08-26,0.02272230936689612
2015-08-27,-0.003069691218401671
2015-08-28,-0.006170461011502815
2015-08-31,0.00281071143153185
2015-09-01,0.010031164428239845
2015-09-02,0.005947490505345288
2015-09-03,-0.01683498420995766
2015-09-04,0.020198349314123617
2015-09-08,0.0116800947908007
2015-09-09,-7.170049709757099E-5
2015-09-10,-0.002589031429843606
2015-09-11,0.0055930192867791485
2015-09-14,-0.001359159589232865
2015-09-15,-0.005920159668367395
2015-09-16,3.3276407189302955E-4
2015-09-17,0.009257128512569164
2015-09-18,-0.002487014610212051
2015-09-21,0.0015294860491234681
2015-09-22,-0.008941314306375528
2015-09-23,-0.007188726563634582
2015-09-24,-0.005638620241203501
2015-09-25,-0.025708199891782184
2015-09-28,8.934787772871401E-4
2015-09-29,0.018325575418187637
2015-09-30,0.002732877253613192
2015-10-01,0.00376415604617808
2015-10-02,-0.00871795690359372
2015-10-05,0.0027429160818010253
2015-10-06,-0.011240856963805775
2015-10-07,-0.01088437440942433
2015-10-08,7.5144838984878E-4
2015-10-09,-0.001547291412859142
2015-10-12,0.001705460481482346
2015-10-13,0.007688770590156997
2015-10-14,0.010621744128130283
2015-10-15,-0.003596915856570417
2015-10-16,-0.0019401254759230072
2015-10-19,0.004717507313137778
2015-10-20,0.00445101993484661
2015-10-21,0.0025299325450232474
2015-10-22,-0.0010095362734189365
2015-10-23,0.0028900924930303495
2015-10-26,0.0017100305135930721
2015-10-27,-0.0022627024465397493
2015-10-28,9.468133436589787E-4
2015-10-29,0.004381605473318806
2015-10-30,-0.005803092827535555
2015-11-02,1.680794792176983E-4
2015-11-03,0.002416542629821667
2015-11-04,-0.004343776372491744
2015-11-05,0.00312310762376871
2015-11-06,0.004737290502324298
2015-11-09,0.004211172789077215
2015-11-10,0.005728964395397316
2015-11-11,-0.012894664931771
2015-11-12,-0.007874142343076502
2015-11-13,0.013536598020997888
2015-11-16,-0.01404654531988194
2015-11-17,0.015883796132706008
2015-11-18,0.0037846825671566425
2015-11-19,0.0053160259216870655
2015-11-20,0.0035181772670681457
2015-11-23,-8.156370078314876E-5
2015-11-24,-0.0019316584963000667
2015-11-25,-0.0018579452738864259
2015-11-27,0.005976099108744444
2015-11-30,0.003392425193787392
2015-12-01,0.010731238179415773
2015-12-02,-0.020044274622915203
2015-12-03,0.01713431174424253
2015-12-04,-0.00740112051577337
2015-12-07,-0.0016323431018447966
2015-12-08,0.0032932067708947793
2015-12-09,0.001904313192591267
2015-12-10,-0.009989025549869792
2015-12-11,-0.002185427473239243
2015-12-14,0.019068632363695076
2015-12-15,0.002064614952271273
2015-12-16,0.004762332724433732
2015-12-17,0.004075695250578137
2015-12-18,0.006505379256579453
2015-12-21,0.0069487105562696895
2015-12-22,-0.006748044813054244
2015-12-23,-2.3750655386343394E-4
2015-12-24,-0.006065332832007013
2015-12-28,-0.00574167342398877
2015-12-29,0.004427607011842846
2015-12-30,0.0074679096921013806
2015-12-31,0.007519325317199255
2016-01-04,-0.0013060610600050843
2016-01-05,-0.016717799139130258
2016-01-06,-0.030298762359619237
2016-01-07,-0.0117818640023503
2016-01-08,-0.003671703463907248
2016-01-11,0.007736412491281944
2016-01-12,-0.025745699372019606
2016-01-13,0.01699075749206396
2016-01-14,-0.018943613681256934
2016-01-15,-0.006059605120555882
2016-01-19,-0.003754410691793071
2016-01-20,0.008516499686666248
2016-01-21,0.020411824347161
2016-01-22,0.004908462807880843
2016-01-25,0.02028480718409141
2016-01-26,0.0067071982429101895
2016-01-27,-0.011852524340569116
2016-01-28,0.011092374372059219
2016-01-29,-0.001448892302437854
2016-02-01,0.0054796499487523445
2016-02-02,0.0060921749688872635
2016-02-03,0.004317483046237819
2016-02-04,-0.006600003359001393
2016-02-05,-0.02372014461651199
2016-02-08,0.0032354811411576634
2016-02-09,0.009231278849493105
2016-02-10,-0.00889523731984071
2016-02-11,0.025681312440754032
2016-02-12,3.5874781829270397E-4
2016-02-16,-0.023873267582577375
2016-02-17,-0.001374557081774693
2016-02-18,0.004279765845505182
2016-02-19,-0.00860293048266068
2016-02-22,0.010873393769553645
2016-02-23,-0.0033781481730442283
2016-02-24,-0.011046614779834759
2016-02-25,0.006108848640771002
2016-02-26,0.004838103877019395
2016-02-29,-0.019221538117465464
2016-03-01,-0.006752190498536471
2016-03-02,-0.00862695884474986
2016-03-03,-0.008443203952826115
2016-03-04,-0.005760528759047941
2016-03-07,0.022359669930197962
2016-03-08,2.498375770574122E-4
2016-03-09,-5.664045535222392E-4
2016-03-10,0.005819790358687316
2016-03-11,6.703171846149067E-4
2016-03-14,0.003568578377044107
2016-03-15,-0.002667223879451601
2016-03-16,-0.009130291524532748
2016-03-17,0.0014345767165066601
2016-03-18,0.002434151481479884
2016-03-21,0.0014826744224391913
2016-03-22,0.013519133922068174
2016-03-23,-0.0042568800535862095
2016-03-24,0.0017743699237705982
2016-03-28,-8.201324972617238E-4
2016-03-29,-0.002491307370114279
2016-03-30,-7.897412554511598E-4
2016-03-31,1.9000729255258856E-4
2016-04-01,0.0020631240837697385
2016-04-04,0.009654256061282656
2016-04-05,0.004123943262061619
2016-04-06,0.011954770023103816
2016-04-07,0.004824692644526322
2016-04-08,0.0034542926697829933
2016-04-11,0.005095157666866553
2016-04-12,0.003713418442629283
2016-04-13,-0.00224761932545092
2016-04-14,0.00276034733101742
2016-04-15,-0.007125673216544819
2016-04-18,-0.003005498097059457
2016-04-19,-0.003074433971884822
2016-04-20,-0.0035505429653615583
2016-04-21,0.0038388479564723734
2016-04-22,0.010029961361100653
2016-04-25,-0.004981010738430202
2016-04-26,-9.116098619561797E-4
2016-04-27,0.010883535427285344
2016-04-28,-0.0011235117065234842
2016-04-29,0.003480305134568083
2016-05-02,0.0029635127055272037
2016-05-03,-0.0036534180680779516
2016-05-04,9.708707933281102E-4
2016-05-05,-0.004018515039367109
2016-05-06,-0.0011277247588897961
2016-05-09,8.072234268747331E-4
2016-05-10,0.0033141083974920532
2016-05-11,-0.01028237613939914
2016-05-12,0.002678933933159523
2016-05-13,0.007183696785050119
2016-05-16,0.009878023349785253
2016-05-17,0.011284632196167639
2016-05-18,-5.551122641504458E-4
2016-05-19,0.0030997929408775014
2016-05-20,-6.371256835216748E-4
2016-05-23,-0.007228364259478272
2016-05-24,-0.0032773127010310007
2016-05-25,7.917063549001621E-4
2016-05-26,-0.006579965912860951
2016-05-27,1.4004813973250558E-4
2016-05-31,9.814469179713254E-4
2016-06-01,-0.00675988132248242
2016-06-02,3.9499942586718976E-4
2016-06-03,-0.003828497328746221
2016-06-06,-0.0020564803959963705
2016-06-07,-0.0020487146636786065
2016-06-08,0.0020070471982842402
2016-06-09,0.0038321695289825126
2016-06-10,-0.004453880348613542
2016-06-13,-0.007862071142748757
2016-06-14,0.0013446827591981744
2016-06-15,9.502870664877974E-4
2016-06-16,-0.005918265431863876
2016-06-17,0.009510844601855972
2016-06-20,-0.006437694747785737
2016-06-21,0.006952782458173212
2016-06-22,-0.002848065445754251
2016-06-23,0.04181056907782483
2016-06-24,-0.03217479176484231
2016-06-27,0.018801830792892098
2016-06-28,0.013458749247347324
2016-06-29,-0.01288105994491282
2016-06-30,3.5478472447784622E-6
2016-07-01,4.310351825883359E-4
2016-07-05,7.863359249094204E-4
2016-07-06,0.007122830451237784
2016-07-07,-0.01863707677420104
2016-07-08,-0.005148629933225342
2016-07-11,-0.006573172245840646
2016-07-12,0.00108758222764868
2016-07-13,-0.004141078836507361
2016-07-14,5.090760788384691E-4
2016-07-15,-0.0029279557899624287
2016-07-18,0.0050773198533409225
2016-07-19,-0.003173217462521268
2016-07-20,-0.003952220117739814
2016-07-21,-0.008141003267930547
2016-07-22,-0.004723713381544855
2016-07-25,0.0028603445075706035
2016-07-26,0.0024453250993648748
2016-07-27,0.0036634594136766285
2016-07-28,-0.001971473634522508
2016-07-29,-2.80823034779872E-4
2016-08-01,0.0029707898651643214
2016-08-02,0.00411346508319172
2016-08-03,0.0037729407444134257
2016-08-04,0.0015138216108849453
2016-08-05,-9.823821131913157E-4
2016-08-08,-2.8663076448626776E-4
2016-08-09,0.002602154358063646
2016-08-10,3.7349816951499736E-4
2016-08-11,-0.001148097323687163
2016-08-12,-0.004921670896292111
2016-08-15,9.338922020760976E-4
2016-08-16,0.005168980033587547
2016-08-17,0.0010648537934937357
2016-08-18,-0.0016025112234883873
2016-08-19,0.0050634601140819935
2016-08-22,-0.005302577769303629
2016-08-23,0.004380857810361198
2016-08-24,-0.0017911920104863681
2016-08-25,-9.763011377525654E-4
2016-08-26,0.002957389367228552
2016-08-29,-0.004998480736965139
2016-08-30,0.0011140723237637873
2016-08-31,2.823269149544354E-4
2016-09-01,0.0026236591959468395
2016-09-02,7.539723582014998E-4
2016-09-06,-0.0025238918649946067
2016-09-07,-7.211428072353976E-6
2016-09-08,-4.6635531172774415E-4
2016-09-09,0.014956718798965004
2016-09-12,-0.00744086497915238
2016-09-13,-9.47445059078699E-4
2016-09-14,0.0059956389153911094
2016-09-15,-0.005303490172094777
2016-09-16,0.008623325659061765
2016-09-19,-0.004843529643614514
2016-09-20,0.0011698589761732353
2016-09-21,-0.006338260313070289
2016-09-22,0.004804740850937572
2016-09-23,0.007201178468844962
2016-09-26,0.0023973060816229685
2016-09-27,1.3665439067053569E-4
2016-09-28,-0.0024267474174556616
2016-09-29,0.0030228419741975664
2016-09-30,0.0024348380395910864
2016-10-03,-0.010381347568013902
2016-10-04,-0.006629874803174036
2016-10-05,7.255844440385184E-4
2016-10-06,-7.990074918558045E-5
2016-10-07,0.003958559573601661
2016-10-10,0.010784932745366228
2016-10-11,0.0010183025521369148
2016-10-12,-0.004879665112151659
2016-10-13,-0.0011827760896968229
2016-10-14,-0.003984965444100384
2016-10-17,0.007840518680316952
2016-10-18,-0.0016703347272644512
2016-10-19,0.0024107979551491565
2016-10-20,-0.00603160917635126
2016-10-21,-0.0015307401358267026
2016-10-24,0.001651013722202455
2016-10-25,-0.00327291929389124
2016-10-26,-0.005029096870633444
2016-10-27,5.571387209353375E-4
2016-10-28,0.0034007736353343643
2016-10-31,0.0016849978797479806
2016-11-01,-0.004969277898500181
2016-11-02,-0.001631274593263238
2016-11-03,0.00394698330586651
2016-11-04,0.018136280325442834
2016-11-07,-0.002016100772366731
2016-11-08,0.010596063961700108
2016-11-09,-0.02005202585867373
2016-11-10,-5.160741223769832E-4
2016-11-11,-0.009658049927637167
2016-11-14,0.0069143227672989775
2016-11-15,0.0036544809294420584
2016-11-16,-0.018623361233524864
2016-11-17,0.002261216455741034
2016-11-18,-0.008440027057435276
2016-11-21,-0.0013742038644332403
2016-11-22,4.591701528127922E-4
2016-11-23,-0.0034825488710879065
2016-11-25,0.008959384018809772
2016-11-28,-0.0011720038030398339
2016-11-29,0.012745093628114323
2016-11-30,-0.0067652341089661895
2016-12-01,0.007750487755399195
2016-12-02,0.004325701349363023
2016-12-05,-0.004620137048647755
2016-12-06,-0.012475856210052956
2016-12-07,-0.008276489187049839
2016-12-08,-5.274686569565904E-4
2016-12-09,0.0017942376311477258
2016-12-12,-0.003769444442250954
2016-12-13,0.0102447279538133
2016-12-14,-0.004314550491904645
2016-12-15,0.004645578312251088
2016-12-16,-8.664047926817778E-5
2016-12-19,0.0014367704670929311
2016-12-20,0.004680924347217399
2016-12-21,0.0018496715181884978
2016-12-22,-7.066349685052951E-4
2016-12-23,-0.004900674219631207
2016-12-27,0.006086156546374962
2016-12-28,-0.0017527702016521887
2016-12-29,-1.6178183891441545E-4
2016-12-30,0.010939756218837443
2017-01-03,-5.801520117587999E-4
2017-01-04,0.002629384257755868
2017-01-05,-0.004341008218411315
2017-01-06,0.0013001744934271172
2017-01-09,-0.001380738206747388
2017-01-10,8.716484965188735E-4
2017-01-11,0.001927475934562669
2017-01-12,-0.0030644467362021567
2017-01-13,0.0017986127387956932
2017-01-17,0.0045780830969630775
2017-01-18,2.480489966242124E-4
2017-01-19,-0.002780780134931958
2017-01-20,-0.003625079875019705
2017-01-23,-0.001983657472476772
2017-01-24,-0.004449286003523129
2017-01-25,0.0034210233217819995
2017-01-26,0.005249818298882988
2017-01-27,0.006115063087155573
2017-01-30,0.002645830340395297
2017-01-31,-0.0030002933969095038
2017-02-01,0.004815079525278828
2017-02-02,0.002039135646506413
2017-02-03,-0.002914417571559945
2017-02-06,-0.0060779991679047966
2017-02-07,0.003043003013204848
2017-02-08,-0.005202414877078793
2017-02-09,-0.0015812517347072379
2017-02-10,-0.004073064610952508
2017-02-13,-0.002738089929584038
2017-02-14,-0.005444737814938272
2017-02-15,0.0018490149419349779
2017-02-16,-0.0024561551882701185
2017-02-17,-0.005071766886722829
2017-02-21,-3.7127077259767826E-4
2017-02-22,-0.007621193237303443
2017-02-23,-0.003504811956542612
2017-02-24,5.719170262276317E-4
2017-02-27,0.002375919530985038
2017-02-28,-0.008504015340618024
2017-03-01,0.0065111173427655385
2017-03-02,-4.3374985454075476E-4
2017-03-03,0.005491923479517348
2017-03-06,-7.633888611524401E-4
2017-03-07,-0.0034570625204270694
2017-03-08,-0.002062424418321309
2017-03-09,-0.0031015726423097184
2017-03-10,-7.321502211437431E-4
2017-03-13,0.001695729095721906
2017-03-14,-3.3134782593419176E-4
2017-03-15,0.0032347869067943305
2017-03-16,-0.0010753387650994472
2017-03-17,0.0015840907625470414
2017-03-20,-0.0021913199894736802
2017-03-21,0.001241323629342062
2017-03-22,0.002575764178822713
2017-03-23,-0.0017035352517555604
2017-03-24,-0.0022673135384365106
2017-03-27,0.005100891867587727
2017-03-28,-3.0259241089110783E-4
2017-03-29,0.0039208905939939085
2017-03-30,-6.802241824850969E-4
2017-03-31,-0.0024574856577163793
2017-04-03,0.001261053148625549
2017-04-04,-0.002500990541389428
2017-04-05,0.003668964392715681
2017-04-06,0.001634955571074744
2017-04-07,-0.001827356496905218
2017-04-10,-0.0015535671002803546
2017-04-11,-0.0012584797232999306
2017-04-12,-0.004956979001981204
2017-04-13,0.011611831250287736
2017-04-17,6.941155653090316E-4
2017-04-18,-0.004414189274702712
2017-04-19,6.539570752815436E-4
2017-04-20,9.540933180556779E-4
2017-04-21,-0.008779419986670922
2017-04-24,-0.004943981516879112
2017-04-25,0.002197258059685623
2017-04-26,-0.004260891430882829
2017-04-27,0.0021345567855410863
2017-04-28,-0.002981502761203849
2017-05-01,-0.0030508683004497293
2017-05-02,-0.002753012202540132
2017-05-03,4.951087720908835E-4
2017-05-04,0.005225623084517756
2017-05-05,0.0013115713922937442
2017-05-08,-1.2893025132893797E-4
2017-05-09,-0.0014872060752229596
2017-05-10,-5.2270972328199204E-5
2017-05-11,-0.0025012873680207706
2017-05-12,0.0036331049774743275
2017-05-15,-0.0033875044653930695
2017-05-16,0.02017341032802113
2017-05-17,0.002929795214744535
2017-05-18,0.006540535673437051
2017-05-19,-0.005974095646186489
2017-05-22,-0.004948647208557175
2017-05-23,-0.0015685811880207512
2017-05-24,-0.007062084640203133
2017-05-25,9.513028039156979E-4
2017-05-26,-0.0025534552984321926
2017-05-30,-0.0035859240543434784
2017-05-31,-0.0022453721376637253
2017-06-01,-0.0036144879822500044
2017-06-02,0.0031005988193816216
2017-06-05,0.0050827585981404405
2017-06-06,-0.0022017557133045497
2017-06-07,-0.0060800504135250025
2017-06-08,0.009815976471068197
2017-06-09,-0.0010529251289602868
2017-06-12,0.0017027508057663732
2017-06-13,-1.4680337865772525E-4
2017-06-14,-0.0039519643368668535
2017-06-15,-0.0011661214751115159
2017-06-16,0.0013459742257306896
2017-06-19,0.0044693481509738365
2017-06-20,-0.0033418992361784797
2017-06-21,-0.006187471397034096
2017-06-22,-0.0014326612621706574
2017-06-23,0.0038637678792546046
2017-06-26,0.003971445660976143
2017-06-27,0.007231772029540796
2017-06-28,-0.002444415504167574
2017-06-29,3.27370818244376E-4
2017-06-30,-0.005972960449092704
2017-07-03,0.011613397940547459
2017-07-05,0.004672192846866369
2017-07-06,0.0051385442319707665
2017-07-07,6.860141819695631E-4
2017-07-10,-0.001490922448900356
2017-07-11,-0.004181963978722626
2017-07-12,0.004927520831302671
2017-07-13,-0.004877528630356032
2017-07-14,0.0011078825952528053
2017-07-17,0.0014441174919663097
2017-07-18,-0.004545319968372494
2017-07-19,-0.002065361183335065
2017-07-20,6.867602320044453E-5
2017-07-21,0.002960759063360609
2017-07-24,0.002156942607560701
2017-07-25,6.643757649098402E-5
2017-07-26,0.006473560957136148
2017-07-27,0.003915516366999713
2017-07-28,-0.003712549553849027
2017-07-31,3.0803895951040115E-4
2017-08-01,-0.0028760110591388535
2017-08-02,6.606079774192872E-4
2017-08-03,0.007882264323236104
2017-08-04,5.57617482722059E-4
2017-08-07,0.0037478400702879106
2017-08-08,0.005410382324154457
2017-08-09,-0.009763364448170248
2017-08-10,0.006006013145800044
2017-08-11,0.013074120762899903
2017-08-14,-0.001538721754178518
2017-08-15,-0.0013344989376162214
2017-08-16,0.00786991751261481
2017-08-17,-0.0013686781891526026
2017-08-18,-0.0021801212784049047
2017-08-21,0.005084747165065594
2017-08-22,0.0010408778494953434
2017-08-23,-2.1956233070158664E-4
2017-08-24,-8.372548324343056E-4
2017-08-25,3.26868390779836E-5
2017-08-28,0.0030991487236817217
2017-08-29,-0.004255089206893664
2017-08-30,-0.0062996459207122655
2017-08-31,-2.016912084084055E-6
2017-09-01,0.0051779379603577695
2017-09-05,-0.0010502210375620009
2017-09-06,-0.008884302911433585
2017-09-07,6.789671688785661E-4
2017-09-08,2.047410217889493E-4
2017-09-11,7.095465883743772E-4
2017-09-12,-8.257078583046359E-4
2017-09-13,7.460225532739899E-4
2017-09-14,-0.0027451351613605145
2017-09-15,-0.006302137566393569
2017-09-18,-0.0034660332598355575
2017-09-19,-0.0028941223449779514
2017-09-20,2.9797249173798E-4
2017-09-21,-0.00592261001938694
2017-09-22,8.760259009391591E-4
2017-09-25,3.6478635418344714E-4
2017-09-26,-0.003976051289350473
2017-09-27,-6.81276113805862E-6
2017-09-28,-6.537077827631107E-4
2017-09-29,-0.0030155746842994847
2017-10-02,-0.0020224465555191023
2017-10-03,-6.939830975974377E-4
2017-10-04,-0.004350548293753923
2017-10-05,-1.4686420987082392E-4
2017-10-06,1.4803366572446741E-5
2017-10-09,7.677791632647949E-4
2017-10-10,-0.0037820763334997978
2017-10-11,-0.004218852562791936
2017-10-12,-6.07750624101908E-4
2017-10-13,9.012994223984952E-4
2017-10-16,0.0016679408358962946
2017-10-17,-6.015731814371052E-4
2017-10-18,0.0010554228441023114
2017-10-19,-0.003311675423327917
2017-10-20,9.791032245809513E-4
2017-10-23,-0.002586205770604159
2017-10-24,0.0025211931799139775
2017-10-25,-0.004436256954784472
2017-10-26,-0.002400501869097387
2017-10-27,0.0024365657593733363
2017-10-30,-0.004055487425536917
2017-10-31,0.0023359177798681
2017-11-01,-6.362640200107563E-4
2017-11-02,0.006937299605317921
2017-11-03,-0.004922863419420194
2017-11-06,0.005366271130541662
2017-11-07,-0.0014632069087574622
2017-11-08,0.0029897169678192843
2017-11-09,-0.0016046472701171793
2017-11-10,-0.0013536429571743365
2017-11-13,-0.004691628947703566
2017-11-14,0.003079084575003991
2017-11-15,0.004782269147779786
2017-11-16,-9.718149645131342E-4
2017-11-17,-0.005530347310819352
2017-11-20,1.1368513998063375E-4
2017-11-21,0.0034626833791074375
2017-11-22,-0.0010810450875608998
2017-11-24,0.0047053088474739435
2017-11-27,-5.59842943029798E-6
2017-11-28,-0.00460795884116401
2017-11-29,-0.00599704359671931
2017-11-30,9.858162357790931E-4
2017-12-01,-0.010160628311691771
2017-12-04,0.005802641161051663
2017-12-05,0.0046953853298070634
2017-12-06,0.003725402481224432
2017-12-07,1.4270627815198464E-4
2017-12-08,0.0019401702887055599
2017-12-11,0.0013445228954467384
2017-12-12,0.0013055455525705728
2017-12-13,0.0028222105932106
2017-12-14,0.004516080256053902
2017-12-15,-0.009267460247504014
2017-12-18,0.001430132369327421
2017-12-19,-4.287457245447085E-4
2017-12-20,-7.08119005485449E-4
2017-12-21,0.0010139415444069514
2017-12-22,-0.001909920834779838
2017-12-26,0.0033802988471639778
2017-12-27,-6.632796031290541E-4
2017-12-28,0.0027478196326391553
2017-12-29,0.015877755841849986
2018-01-02,-0.004713825058923851
2018-01-03,-0.005587022501826556
2018-01-04,-0.006497190192188952
2018-01-05,-0.0011386926740583805
2018-01-08,-0.0036571870697772848
2018-01-09,-0.0016080399540024553
2018-01-10,-0.009827551223118477
2018-01-11,-0.009391426387833865
2018-01-12,0.00722435912298869
2018-01-16,-0.007217595465113861
2018-01-17,0.0010384879902646848
2018-01-18,-0.00503391170964154
2018-01-19,-0.00628755009173569
2018-01-22,0.0010275655709455819
2018-01-23,0.0016042834056837027
2018-01-24,-0.0045942166866548804
2018-01-25,-0.013759200408736716
2018-01-26,0.004999866135188422
2018-01-29,0.008391426435703866
2018-01-30,0.010495143564689962
2018-01-31,0.012212827117517717
2018-02-01,-0.008913058947958286
2018-02-02,-0.036318102346539566
2018-02-05,0.010860233981285994
2018-02-06,-0.004400928863755414
2018-02-07,-0.03403176162462752
2018-02-08,0.01536161177095163
2018-02-09,0.016680616223499343
2018-02-12,-0.0013761137759037423
2018-02-13,-0.005226100343496576
2018-02-14,-0.010468175464638829
2018-02-15,0.008242871430029275
2018-02-16,0.005716195959236993
2018-02-20,-0.004837018111535307
2018-02-21,-6.77851979843978E-5
2018-02-22,0.008597371969728318
2018-02-23,-0.0020246157926079164
2018-02-26,0.00875561449728027
2018-02-27,0.008011496276954482
2018-02-28,-0.0030691939696376822
2018-03-01,-3.6122168369522186E-4
2018-03-02,0.013785747688519302
2018-03-05,-0.0018385904884477963
2018-03-06,-0.008579438953157714
2018-03-07,-0.003635908701700774
2018-03-08,-0.020528720439365954
2018-03-09,-1.753074801915474E-4
2018-03-12,0.008880108715196655
2018-03-13,0.0017168623978612639
2018-03-14,-0.003326819834448723
2018-03-15,-0.0015567173244671398
2018-03-16,0.0021497635068682295
2018-03-19,-0.0013264544466457652
2018-03-20,0.002935068769351327
2018-03-21,-0.011212372417651197
2018-03-22,-0.020723195992454393
2018-03-23,0.02367613761180249
2018-03-26,-0.012946657292359082
2018-03-27,-0.003163978171557356
2018-03-28,0.015572952528725204
2018-03-29,0.003136902508130052
2018-04-02,0.012025495603264305
2018-04-03,0.014529677944311228
2018-04-04,-0.0014456965303983437
2018-04-05,0.012764522328277638
2018-04-06,0.006127621384485776
2018-04-09,0.012615052904267263
2018-04-10,0.004000018834788577
2018-04-11,-6.092234668194799E-4
2018-04-12,9.419561320681696E-4
2018-04-13,-0.009106224178075785
2018-04-16,-0.004712274962082312
2018-04-17,-0.0019587403294609655
2018-04-18,0.0038046352997779453
2018-04-19,0.0042029796989821915
2018-04-20,-0.0032453333291852238
2018-04-23,-0.00219946776306888
2018-04-24,1.362301796278697E-4
2018-04-25,0.0033301051775505527
2018-04-26,-0.00924858224413938
2018-04-27,0.006901227750386072
2018-04-30,0.0042782042409869785
2018-05-01,-0.004791752289289203
2018-05-02,-0.002733286294852819
2018-05-03,0.007296099886381606
2018-05-04,5.005908908982315E-4
2018-05-07,-4.6258751253840986E-4
2018-05-08,-0.014235271325465685
2018-05-09,-0.004765303932515399
2018-05-10,-0.001160370577122164
2018-05-11,1.1502143836661063E-4
2018-05-14,0.01026059059202035
2018-05-15,-8.09010133003274E-4
2018-05-16,-0.003334611592707837
2018-05-17,-0.006470321249350603
2018-05-18,-0.0034587194575332746
2018-05-21,0.009367801301471862
2018-05-22,0.006573222230610274
2018-05-23,-0.005351740475665564
2018-05-24,-0.0054031776997771975
2018-05-25,-0.005452195572714204
2018-05-29,0.007630996214387284
2018-05-30,-1.0724454001602866E-4
2018-05-31,-5.97772011552677E-4
2018-06-01,-0.008643483819122711
2018-06-04,-0.0010831850959501597
2018-06-05,-0.008083263570854538
2018-06-06,0.005870626498644265
2018-06-07,-0.0027141256837950895
2018-06-08,-0.005532151505456332
2018-06-11,7.277157554636609E-4
2018-06-12,0.007910281448929683
2018-06-13,-0.0037404214997078626
2018-06-14,-2.1365871315657183E-4
2018-06-15,8.942780683402624E-4
2018-06-18,-0.0019080085249257566
2018-06-19,-9.529801666128432E-4
2018-06-20,-0.002030764401640609
2018-06-21,0.005595747047677214
2018-06-22,-0.010887228413259311
2018-06-25,0.0029149974535787088
2018-06-26,-0.011562055989298898
2018-06-27,0.005949640881761186
2018-06-28,8.991342498699906E-4
2018-06-29,0.0072738703159523094
2018-07-02,-0.006509370761936167
2018-07-03,0.0010894822134952576
2018-07-05,-0.005714627457214849
2018-07-06,0.0030327624230646905
2018-07-09,-3.7130584023850214E-4
2018-07-10,0.01083401123354772
2018-07-11,-0.004085520969220435
2018-07-12,7.100988134003435E-4
2018-07-13,0.0023180421484800553
2018-07-16,-9.047136162411003E-4
2018-07-17,-0.003021127767936271
2018-07-18,0.009886180288665395
2018-07-19,-2.4890189548612E-4
2018-07-20,-0.003104198938666536
2018-07-23,0.005552950620613411
2018-07-24,-0.007873422456131672
2018-07-25,0.005745186897644011
2018-07-26,0.005527289883603594
2018-07-27,0.004028973982344861
2018-07-30,0.006512568800302484
2018-07-31,0.002084827045288384
2018-08-01,0.0010759685522330614
2018-08-02,7.669113440897178E-4
2018-08-03,-0.003222919008195944
2018-08-06,-7.13353203706274E-4
2018-08-07,0.0036642460398832104
2018-08-08,0.001398094976829874
2018-08-09,0.002515616062538495
2018-08-10,-0.0033962439831923923
2018-08-13,0.004126645257539009
2018-08-14,1.1874689508969214E-4
2018-08-15,0.0024839675309657706
2018-08-16,-0.005796799795549586
2018-08-17,0.0025488416966878134
2018-08-20,7.336075393869059E-4
2018-08-21,0.0020779558074521943
2018-08-22,-0.008080028110807184
2018-08-23,-0.014168123069885777
2018-08-24,-6.609309877727036E-4
2018-08-27,-0.0019629919316066988
2018-08-28,-0.006333682557915284
2018-08-29,0.0017794747025180523
2018-08-30,-8.38142064686509E-4
2018-08-31,-0.0036511467091097055
2018-09-04,0.0062196547105446065
2018-09-05,-0.004919927379410201
2018-09-06,4.937061077188546E-4
2018-09-07,0.0019170900611495162
2018-09-10,0.0021124380440855333
2018-09-11,-0.001993204743429171
2018-09-12,0.0036377308212985583
2018-09-13,-0.0012607659749595181
2018-09-14,0.0069359718342028665
2018-09-17,-0.0034862778766189904
2018-09-18,-0.0022781386643894214
2018-09-19,-0.001996172189148986
2018-09-20,-0.0027053097464752995
2018-09-21,0.004958930518130237
2018-09-24,-0.0019367780869543661
2018-09-25,-0.005491026608552976
2018-09-26,-0.0017680705468519204
2018-09-27,5.513118652820053E-4
2018-09-28,0.002136848154834298
2018-10-01,-0.002114283063511559
2018-10-02,4.927666812498141E-4
2018-10-03,-0.0030313929883647238
2018-10-04,-0.006611724233184878
2018-10-05,-0.007798113401992957
2018-10-08,-0.002963203819088284
2018-10-09,-0.021609952251009375
2018-10-10,-0.019414652483505053
2018-10-11,0.01325482882879689
2018-10-12,-9.501289357821863E-4
2018-10-15,0.022454047549658247
2018-10-16,0.02208055309208276
2018-10-17,0.0011794437207489628
2018-10-18,-0.013669844797384149
2018-10-19,-0.004116838896989712
2018-10-22,-0.01192141080075225
2018-10-23,-0.028002464259746628
2018-10-24,0.013058869406460864
2018-10-25,-0.009835373746806444
2018-10-26,-0.0033349511190459242
2018-10-29,0.021427875888763864
2018-10-30,0.014550074275337088
2018-10-31,0.00364567102084998
2018-11-01,0.0032940370850815495
2018-11-02,0.011626932532897006
2018-11-05,-0.012057686681906618
2018-11-06,-0.012717822519475145
2018-11-07,6.791101670042442E-4
2018-11-08,0.008339890339348349
2018-11-09,0.004946780436136218
2018-11-12,0.0015314445161451963
2018-11-13,-0.008961751466996244
2018-11-14,0.009362558111352063
2018-11-15,-0.002844215492406746
2018-11-16,-4.887478681743731E-4
2018-11-19,0.0026818683503635546
2018-11-20,0.016652052134142826
2018-11-21,-0.0025556175594432487
2018-11-23,0.011115545625492598
2018-11-26,0.006111917549291616
2018-11-27,-0.009101773802315982
2018-11-28,0.008144602148522626
2018-11-29,-0.007101968507698027
2018-11-30,-0.009456571424597361
2018-12-03,0.03870291966366317
2018-12-04,-0.00892651642484038
2018-12-06,-0.008923491343337451
2018-12-07,-0.005168126758242318
2018-12-10,-0.00244949601230587
2018-12-11,0.006458928660572196
2018-12-12,-0.0028650508460732983
2018-12-13,-0.009022785525411558
2018-12-14,-0.015859330670962204
2018-12-17,0.0022332362857851126
2018-12-18,-0.01348671179789149
2018-12-19,-0.017855647603207892
2018-12-20,-0.019284887298054033
2018-12-21,-0.027034207494832423
2018-12-24,0.04516722032386829
2018-12-26,0.0038738013071580126
2018-12-27,0.014632220859504691
2018-12-28,-0.007558404389679252
2018-12-31,0.018244240100630922
2019-01-02,0.02837721399425428
2019-01-03,0.0314858344840514
2019-01-04,-0.006762000265379923
2019-01-07,-0.010973235642075386
2019-01-08,-0.008874032647816452
2019-01-09,-0.0016050006383284993
2019-01-10,-3.870345169744133E-5
2019-01-11,0.0028198353352268586
2019-01-14,-0.012944452258519146
2019-01-15,-0.005635631102228056
2019-01-16,-0.0055902408759864654
2019-01-17,-0.012085131425027252
2019-01-18,0.01322330025874896
2019-01-22,-0.0015120176543847786
2019-01-23,-0.002099069012712416
2019-01-24,-0.0028497427283313025
2019-01-25,0.005479552943846907
2019-01-28,0.002244092950335144
2019-01-29,-0.009051295977429853
2019-01-30,-0.007585873172892494
2019-01-31,-0.002363577373570732
2019-02-01,-0.006187891746457917
2019-02-04,-0.006037442811383851
2019-02-05,8.693150040365033E-4
2019-02-06,0.0018500769758516469
2019-02-07,-4.5359993272940934E-4
2019-02-08,0.0011757309843350519
2019-02-11,-0.0026843609919420253
2019-02-12,-0.005032302915765767
2019-02-13,0.002660099344242223
2019-02-14,-0.009298646056012994
2019-02-15,-7.819030025938077E-4
2019-02-19,-0.004044837926567848
2019-02-20,0.005116265144325854
2019-02-21,-0.0026733420620908286
2019-02-22,0.0010350023338781772
2019-02-25,0.0035822100230617476
2019-02-26,-0.0011080193344403552
2019-02-27,0.0012167061693223987
2019-02-28,5.677717506571006E-4
2019-03-01,0.0028024410718577863
2019-03-04,0.0020993034886486774
2019-03-05,6.535308608251808E-4
2019-03-06,-0.005354092202217143
2019-03-07,-0.003894392724256942
2019-03-08,0.015426491928247776
2019-03-11,-0.007420290242553649
2019-03-12,-0.0037041857381983367
2019-03-13,-0.0016334333642181328
2019-03-14,-0.001678180897567155
2019-03-15,-0.0014279444725019037
2019-03-18,0.004074950989571042
2019-03-19,0.0014888504865658394
2019-03-20,-0.011047287009346868
2019-03-21,0.015226380243402678
2019-03-22,0.001641569116087961
2019-03-25,0.006024529408298344
2019-03-26,-9.48857520570738E-4
2019-03-27,0.0020755280899015164
2019-03-28,-0.0062066829263014
2019-03-29,-0.004309141731891592
2019-04-01,0.0010996630288422962
2019-04-02,-0.003701170191016968
2019-04-03,3.0963586381728506E-4
2019-04-04,-0.002308520079438306
2019-04-05,-0.0025439529850816087
2019-04-08,0.007273131247043616
2019-04-09,-7.432160064577559E-4
2019-04-10,-0.0039039835487248292
2019-04-11,-0.006763932520219938
2019-04-12,0.0030876722932185285
2019-04-15,-0.002973000256064005
2019-04-16,-0.007108161922587909
2019-04-17,0.0011560539307111353
2019-04-18,0.001051701251803821
2019-04-22,0.006428289878945777
2019-04-23,4.945139320154134E-4
2019-04-24,0.0010432906144857378
2019-04-25,-0.0026989768074784305
2019-04-26,-1.9412695716424468E-4
2019-04-29,0.0012864958731011258
2019-04-30,0.002755077456874411
2019-05-01,0.0011944898857697006
2019-05-02,-0.010424223178402454
2019-05-03,0.002986566809070175
2019-05-06,0.005954468937469049
2019-05-07,-0.005144883956120721
2019-05-08,-0.0024553433743402797
2019-05-09,0.0032916782740082086
2019-05-10,-0.017804429276836477
2019-05-13,0.011738905495243198
2019-05-14,0.0037704306654900537
2019-05-15,-0.002607834411999338
2019-05-16,-0.003996059323545678
2019-05-17,-0.002646283385580655
2019-05-20,0.00604623935170993
2019-05-21,-0.0011821236544586758
2019-05-22,0.002673897803018061
2019-05-23,0.002079497799769866
2019-05-24,-0.0022834628988845783
2019-05-28,-0.0021049048633747314
2019-05-29,-8.834611097248747E-4
2019-05-30,-0.010916975322123233
2019-05-31,0.003734840052220869
2019-06-03,0.02232806041899414
2019-06-04,-0.005632682303964202
2019-06-05,-0.007237109890088116
2019-06-06,-0.0047940774175146365
2019-06-07,-0.006090966878394336
2019-06-10,0.0015286263590451536
2019-06-11,0.0022133544729255167
2019-06-12,-0.00421852105702788
2019-06-13,0.003063800323263758
2019-06-14,0.002554688706582048
2019-06-17,2.050243024197344E-5
2019-06-18,7.280650352378011E-4
2019-06-19,-0.006996068446899859
2019-06-20,0.0012558525841928016
2019-06-21,0.00774576507469239
2019-06-24,0.0014754737656392722
2019-06-25,-1.1431177261952828E-4
2019-06-26,0.004969199164363801
2019-06-27,-0.001843953996875011
2019-06-28,-0.00931743467942764
2019-07-01,0.0018937355103911813
2019-07-02,-0.006390637352547007
2019-07-03,0.0021269528060040756
2019-07-05,0.006528473867187166
2019-07-08,-0.007006426921049017
2019-07-09,-0.0038565065437498186
2019-07-10,0.004080891167796564
2019-07-11,-0.0018532457619206827
2019-07-12,-0.0013066553057310218
2019-07-15,0.004484817126350707
2019-07-16,9.608543940668608E-5
2019-07-17,0.0034752222477205776
2019-07-18,0.008122841343306859
2019-07-19,-0.002052628856950213
2019-07-22,0.004600546279355122
2019-07-23,-0.008033631170376336
2019-07-24,0.0057652163523274
2019-07-25,-0.003034076286161873
2019-07-26,0.0026729100843053614
2019-07-29,0.009081308299850151
2019-07-30,0.0032577193565124785
2019-07-31,-4.2380387718551085E-4
2019-08-01,-0.003469860753102051
2019-08-02,-0.023305128089785812
2019-08-05,0.011702393426834304
2019-08-06,-0.0020387499935611373
2019-08-07,0.00743356551324109
2019-08-08,-0.00146253630099659
2019-08-09,-0.0014719069681202151
2019-08-12,0.009949983129224424
2019-08-13,0.006131850321127417
2019-08-14,-1.7627400098452206E-4
2019-08-15,0.019534560604575
2019-08-16,0.0013777812040168442
2019-08-19,0.0045962863492367
2019-08-20,-0.004541675274614259
2019-08-21,-0.0025786221100497614
2019-08-22,0.010893097125867026
2019-08-23,0.008341705628119934
2019-08-26,-0.001599572256130305
2019-08-27,0.008583501826787176
2019-08-28,3.153651250332179E-4
2019-08-29,-0.0015658847227883526
2019-08-30,0.005333605972961277
2019-09-03,-0.003093944720947836
2019-09-04,-0.0026392418118766432
2019-09-05,-0.0025252973904092385
2019-09-06,-0.004647321013593914
2019-09-09,-0.007549672979267561
2019-09-10,-0.006331135066350702
2019-09-11,-3.242905112887543E-5
2019-09-12,-0.0017042963514455427
2019-09-13,5.692887421087506E-4
2019-09-16,0.008244817062610125
2019-09-17,-7.432105290593391E-4
2019-09-18,-0.0015843661805838237
2019-09-19,0.002652214165714347
2019-09-20,0.002399017454851502
2019-09-23,-1.941928997356901E-4
2019-09-24,0.005511618288641
2019-09-25,-7.426371020334069E-4
2019-09-26,0.0010970363391946522
2019-09-27,0.0027677829975743798
2019-09-30,-0.002517823792393181
2019-10-01,-0.015713791439700097
2019-10-02,0.007150166461745926
2019-10-03,0.010850890218744776
2019-10-04,-0.005560727789378513
2019-10-07,-0.01509969779850165
2019-10-08,0.010299676876533645
2019-10-09,-0.0012852408720472638
2019-10-10,-0.0032341876169613925
2019-10-11,6.500883763077281E-4
2019-10-14,-0.009739189894765196
2019-10-15,-3.2680842488682797E-4
2019-10-16,-0.009735405810755535
2019-10-17,-7.394912533540246E-4
2019-10-18,-0.0013643559426822036
2019-10-21,0.0023393403951131346
2019-10-22,-0.004871434504848036
2019-10-23,0.0016998595283116212
2019-10-24,0.005455627953455853
2019-10-25,-0.008187678672588402
2019-10-28,6.74400774695145E-4
2019-10-29,1.8359385928327793E-4
2019-10-30,0.004069076890094081
2019-10-31,-0.0016850427534952014
2019-11-01,-0.005640308313348059
2019-11-04,-0.0028316330470483
2019-11-05,0.006324038921975691
2019-11-06,-0.004223059940724549
2019-11-07,2.288661057510831E-4
2019-11-08,0.003688617717149133
2019-11-11,6.867307560407649E-5
2019-11-12,-0.0017388418314655742
2019-11-13,-0.0019445650911634749
2019-11-14,-0.010046764740208637
2019-11-15,-4.8376857573688595E-5
2019-11-18,-2.9574242606296777E-4
2019-11-19,6.347759325023166E-4
2019-11-20,0.002324533626959613
2019-11-21,0.002978427865845924
2019-11-22,-0.00731065483488596
2019-11-25,0.001459104700569171
2019-11-26,-0.004392558227044138
2019-11-27,0.004730613697258409
2019-11-29,0.014916467348258706
2019-12-02,-0.006173490474197594
2019-12-03,0.00786103152426586
2019-12-04,0.004249607281130261
2019-12-05,0.00534810619794477
2019-12-06,0.003710575857011857
2019-12-09,-5.842376563854414E-4
2019-12-10,-0.0018422450835882736
2019-12-11,-0.007867802690104493
2019-12-12,0.004893360961711351
2019-12-13,-0.0016168564790692067
2019-12-16,-0.0012878004607886472
2019-12-17,0.002101477395637297
2019-12-18,-0.0020437764390453922
2019-12-19,-0.0037329654919493554
2019-12-20,0.001268370094154092
2019-12-23,0.0017133262634727838
2019-12-24,-0.0036531888671514417
2019-12-26,0.0023632458395870743
2019-12-27,0.00464266863973245
2019-12-30,-4.997979697167892E-4
2019-12-31,0.006204955061176687
2020-01-02,0.008733899167018737
2020-01-03,3.851372719747624E-4
2020-01-06,0.0012587300437483578
2020-01-07,0.0010895670892325938
2020-01-08,-0.005839737868128061
2020-01-09,-1.50117159458828E-4
2020-01-10,-0.005058404101872205
2020-01-13,0.00341716906115667
2020-01-14,-0.008775255331972629
2020-01-15,-0.0043886937506510465
2020-01-16,-0.0032272007411142016
2020-01-17,9.517841776498428E-4
2020-01-21,-0.0037448425255941645
2020-01-22,-8.581379928411817E-4
2020-01-23,-7.61412770031065E-4
2020-01-24,-0.00387402146155962
2020-01-27,0.00568433847765181
2020-01-28,-0.007097360330833548
2020-01-29,0.001531255955444932
2020-01-30,-0.005407316377468196
2020-01-31,-9.196650201203109E-4
2020-02-03,0.008076227989118038
2020-02-04,0.004803808681910779
2020-02-05,0.0022948141162917857
2020-02-06,0.0016770460242021556
2020-02-07,-0.003951834562678251
2020-02-10,-0.005385822205289842
2020-02-11,-0.0018795559273405088
2020-02-12,-0.003135312169975709
2020-02-13,-0.002509396877507064
2020-02-14,0.0038889648135400348
2020-02-18,5.985957978416185E-4
2020-02-19,0.006919585900733423
2020-02-20,0.011036722241348829
2020-02-21,-0.023482794145497508
2020-02-24,-0.03451966797022479
2020-02-25,-0.007060247953816242
2020-02-26,-0.03607024921263443
2020-02-27,-0.013297691806087674
2020-02-28,0.04591287175444788
2020-03-02,-0.019665045629015
2020-03-03,0.04022932269494039
2020-03-04,-0.021315292955337923
2020-03-05,-0.02386898928719594
2020-03-06,-0.11672895080008486
2020-03-09,0.04610408284500943
2020-03-10,-0.06630554129988234
2020-03-11,-0.11506959851187805
2020-03-12,0.09188954134051372
2020-03-13,-0.1648034510874569
2020-03-16,0.06072551551670548
2020-03-17,-0.11338929071575161
2020-03-18,0.040685750123695075
2020-03-19,-0.012311554911263747
2020-03-20,-0.039064192306698796
2020-03-23,0.10613248437351346
2020-03-24,-0.009046021994432682
2020-03-25,-0.0233062174703621
2020-03-26,0.05082321092281535
2020-03-27,0.0
2020-03-30,-0.007748324237999871
2020-03-31,0.054277225680215466
2020-04-01,-0.09431822529016354
2020-04-02,0.038208701842842585
2020-04-03,0.14760853541173066
2020-04-06,0.012872720353378433
2020-04-07,-0.04220933275334177
2020-04-08,-0.019986365301432767
2020-04-09,0.027551777201064224
2020-04-13,-0.03142348361417297
2020-04-14,0.01952670263731186
2020-04-15,-0.025355407895769195
2020-04-16,0.0045631401140093265
2020-04-17,0.004283171969335538
2020-04-20,0.02861487554142922
2020-04-21,-0.015421159379184757
2020-04-22,-0.026653597137519375
2020-04-23,-0.00966940290620115
2020-04-24,-0.008170159068226136
2020-04-27,-0.00514376139066378
2020-04-28,-0.04165593061329379
2020-04-29,0.02748105866546789
2020-04-30,0.04171150267816153
2020-05-01,0.0067201390024002605
2020-05-04,0.005985792003056045
2020-05-05,-0.01290952704264249
2020-05-06,0.012053692101095675
2020-05-07,3.938352765532005E-4
2020-05-08,-0.003963557865871864
2020-05-11,0.013542525141550143
2020-05-12,-0.013670134919446053
2020-05-13,0.016093748099982895
2020-05-14,-3.3562388408958025E-4
2020-05-15,0.03448055718489343
2020-05-18,0.012317737158167807
2020-05-19,-0.007654649360786127
2020-05-20,0.005760943237377042
2020-05-21,-0.002380772624114541
2020-05-22,-0.023864954427184
2020-05-26,-0.02213303365031726
2020-05-27,0.009404652525532062
2020-05-28,-0.0018785223181562755
2020-05-29,-0.0019848436785734696
2020-06-01,-0.010764730383667742
2020-06-02,-0.02103775372545807
2020-06-03,-0.001763347709611946
2020-06-04,-0.03653002569756812
2020-06-05,-0.01798483314721154
2020-06-08,0.022526261389775207
2020-06-09,0.022687720889069223
2020-06-10,0.058804802542320206
2020-06-11,0.020553220572040308
2020-06-12,0.0065261682662593355
2020-06-15,0.010017919385536478
2020-06-16,-0.004244396520105442
2020-06-17,-0.00455517060619548
2020-06-18,0.006271331876232467
2020-06-19,-0.006642663967271284
2020-06-22,-0.006738877947216004
2020-06-23,-0.002565732929162031
2020-06-24,0.010636404028256686
2020-06-25,-0.008684099962525314
2020-06-26,0.02751897607224257
2020-06-29,0.015473994449982246
2020-06-30,4.640330550415905E-4
2020-07-01,-0.0070258837357849765
2020-07-02,-0.011814685522107243
2020-07-06,0.00700486670683249
2020-07-07,-0.006536899895623262
2020-07-08,-0.008450362928199883
2020-07-09,0.017697327648203087
2020-07-10,0.012835907645292311
2020-07-13,-0.00437051345020621
2020-07-14,-0.009402818566583508
2020-07-15,0.0010490704856290967
2020-07-16,-0.006364088039330794
2020-07-17,0.008357766125887244
2020-07-20,-0.0011189266709872533
2020-07-21,-0.00970661258766032
2020-07-22,0.00512181878177591
2020-07-23,0.005555496856669657
2020-07-24,0.008229958626522187
2020-07-27,0.013726356322372313
2020-07-28,-0.006850131636042383
2020-07-29,0.008162888781580727
2020-07-30,-0.001759329504942778
2020-07-31,0.00645586554722092
2020-08-03,0.0016876850721969242
2020-08-04,0.002884406654580573
2020-08-05,0.001048952100424561
2020-08-06,0.0019596098394702517
2020-08-07,-0.0109831700184623
2020-08-10,-0.0017617933801307379
2020-08-11,0.004771389056421152
2020-08-12,0.006212919794377103
2020-08-13,0.005883664566319863
2020-08-14,0.005661769087637117
2020-08-17,0.003638246842603252
2020-08-18,0.001677202976233246
2020-08-19,0.005607229953258175
2020-08-20,-0.003757764289969751
2020-08-21,0.007217232179091593
2020-08-24,0.0046106815954179365
2020-08-25,-0.011451389947139656
2020-08-26,0.001416956633911743
2020-08-27,-0.00617206605576049
2020-08-28,0.007079028213281262
2020-08-31,-0.01308055849858726
2020-09-01,-0.0038718663447405827
2020-09-02,0.03104822919084591
2020-09-03,-0.012508812730073406
2020-09-04,-0.0026055499736905526
2020-09-08,0.020147875816001724
2020-09-09,-0.012066324907631052
2020-09-10,0.0018218969574668382
2020-09-11,0.010363177598227177
2020-09-14,-0.0026015048197915404
2020-09-15,0.009141570110237113
2020-09-16,0.007961551733153627
2020-09-17,-0.002236332118503171
2020-09-18,0.004580028784667411
2020-09-21,0.008343326446950421
2020-09-22,-0.015531164662203218
2020-09-23,6.920645136227248E-4
2020-09-24,0.014314470872406101
2020-09-25,0.02096880902953627
2020-09-28,-0.01632049278455009
2020-09-29,-0.0027673075182879092
2020-09-30,-0.009832855349916337
2020-10-01,0.006762269074464703
2020-10-02,-0.01530630249546904
2020-10-05,0.00913732396652296
2020-10-06,-0.011975980596013982
2020-10-07,-0.011598783432162998
2020-10-08,-0.00367929391759497
2020-10-09,-0.01022436979283902
2020-10-12,0.008909177906696656
2020-10-13,0.003153163093994974
2020-10-14,-0.005456771133190017
2020-10-15,-0.009192777260311672
2020-10-16,0.0025587168460020873
2020-10-19,0.002147630376594145
2020-10-20,-0.006833980560526045
2020-10-21,0.0026282619423484976
2020-10-22,-0.0015681278375134968
2020-10-23,0.012324166950776998
2020-10-26,-0.0069796075151544335
2020-10-27,-0.02273542937189091
2020-10-28,0.010288859442090513
2020-10-29,0.0027240659163229957
2020-10-30,0.017641761109004863
2020-11-02,8.912658681364032E-4
2020-11-03,-0.0011228585472511906
2020-11-04,-0.01148319393427452
2020-11-05,-0.005477105194077557
2020-11-06,0.0035258315628162997
2020-11-09,-0.002932531932524736
2020-11-10,0.010001090276990367
2020-11-11,0.01817296874811858
2020-11-12,-0.02076498532501972
2020-11-13,-0.020864674747517697
2020-11-16,6.660419544979709E-4
2020-11-17,0.013927602497088009
2020-11-18,-0.006640090356093475
2020-11-19,4.792848017308652E-4
2020-11-20,-0.012386161820744566
2020-11-23,-0.013525356362743112
2020-11-24,0.0065276974105596824
2020-11-25,-8.606401297994296E-4
2020-11-27,0.012870109812384843
2020-11-30,0.0022399175066393985
2020-12-01,6.131298904971661E-5
2020-12-02,-0.0033447568444148145
2020-12-03,-0.006084066623939571
2020-12-04,0.005705532311208604
2020-12-07,-0.0033274102254895327
2020-12-08,0.00825854802124573
2020-12-09,-7.79167497060677E-5
2020-12-10,5.1104429494716E-4
2020-12-11,0.0031382410639896495
2020-12-14,0.008115203312744054
2020-12-15,0.0065165581658521415
2020-12-16,-0.0034000929143173783
2020-12-17,-0.003275101782627608
2020-12-18,0.0012780568028134599
2020-12-21,-0.0036260213738552294
2020-12-22,0.010251777962053848
2020-12-23,0.0044992711762169985
2020-12-24,0.0050551780793223694
2020-12-28,0.006315281187949765
2020-12-29,0.008138676597071607
2020-12-30,-0.007315226931696284
2020-12-31,0.01638097051915753
2021-01-04,0.008083198513077688
2021-01-05,-0.015319633206476039
2021-01-06,-0.011030861992932708
2021-01-07,-0.0026449087920063985
2021-01-08,-9.39678855089907E-4
2021-01-11,-0.008063076698393169
2021-01-12,0.00348960416980873
2021-01-13,-0.007318795690444334
2021-01-14,0.009396762533411807
2021-01-15,-0.002045184834135294
2021-01-19,-0.001885816683239592
2021-01-20,0.00479923449207095
2021-01-21,0.00242039506342944
2021-01-22,-0.0076019926731069
2021-01-25,-0.011089196762801744
2021-01-26,-0.019147960917001907
2021-01-27,0.029630268711018922
2021-01-28,-0.01170163904273272
2021-01-29,0.014626632167573721
2021-02-01,0.005795637021701686
2021-02-02,0.010523659607353995
2021-02-03,-0.009071659692758804
2021-02-04,-0.0036673251461230454
2021-02-05,-0.00903152127278085
2021-02-08,0.002926875849212587
2021-02-09,6.335936232134388E-4
2021-02-10,-0.00864619229745208
2021-02-11,-0.005885480039463435
2021-02-12,3.1814349940111276E-4
2021-02-16,0.003620716111764241
2021-02-17,0.010366235036919746
2021-02-18,0.0060679130280477354
2021-02-19,-0.008933610862763612
2021-02-22,-0.00383649663367368
2021-02-23,-0.005042218904777643
2021-02-24,0.010984275872697796
2021-02-25,0.00298734190887223
2021-02-26,0.018623269870324997
2021-03-01,0.004459067580631714
2021-03-02,-0.02145076781410714
2021-03-03,-0.005113770078499379
2021-03-04,0.006038828937973018
2021-03-05,-0.01479567630527875
2021-03-08,0.020297031457529067
2021-03-09,-0.01112659606437049
2021-03-10,0.004159407616370129
2021-03-11,-0.008274551725068498
2021-03-12,-0.008179703221030512
2021-03-15,0.007793645821262747
2021-03-16,0.00533766953810375
2021-03-17,0.008798217891798271
2021-03-18,0.003305490639290876
2021-03-19,-0.002731317697909806
2021-03-22,0.002066361818928351
2021-03-23,0.004483181024674177
2021-03-24,0.009639073839823903
2021-03-25,-0.008105710655718528
2021-03-26,2.8632919621347455E-4
2021-03-29,0.008473779664646458
2021-03-30,0.012151900632397628
2021-03-31,-0.016303136669689522
2021-04-01,-0.013249613039718562
2021-04-05,0.0014192606270539447
2021-04-06,0.0011546836701080926
2021-04-07,-0.003089668138806534
2021-04-08,-0.007728867189561748
2021-04-09,0.0010669843930123037
2021-04-12,0.0024293840591252023
2021-04-13,0.005594424079018501
2021-04-14,-0.010466828491712172
2021-04-15,-0.006423497567489155
2021-04-16,0.004962970431092032
2021-04-19,-0.001873338515070988
2021-04-20,0.004407663667330838
2021-04-21,0.0014831595753192612
2021-04-22,-0.004949975063649423
2021-04-23,-0.0015401355665793425
2021-04-26,-0.001429511684173384
2021-04-27,-0.0031927579985996917
2021-04-28,-0.0029478741359540614
2021-04-29,0.005547267443625168
2021-04-30,0.0025654784439629597
2021-05-03,-0.006361382174328722
2021-05-04,-0.0021485487765693966
2021-05-05,-0.0050516682284274615
2021-05-06,0.0018041794576991424
2021-05-07,-0.0016387311776744017
2021-05-10,0.010499710676451184
2021-05-11,-0.008773989207523394
2021-05-12,0.009090645674584162
2021-05-13,0.023748751975001276
2021-05-14,0.0035583283704143875
2021-05-17,0.011789444922273835
2021-05-18,-6.604864606561832E-4
2021-05-19,0.0031092108048220465
2021-05-20,0.0012320813460857166
2021-05-21,-0.005615219769635971
2021-05-24,-0.0020391986548696115
2021-05-25,-0.001599400857268618
2021-05-26,-0.0011889975435279553
2021-05-27,0.001170135148321676
2021-05-28,-0.0037445330830186007
2021-06-01,-0.00174987068219979
2021-06-02,0.005209960954960294
2021-06-03,-1.3392555105539477E-4
2021-06-04,-0.01152495980258951
2021-06-07,-0.0014397278272511456
2021-06-08,8.578916576731786E-4
2021-06-09,-0.012520086622385079
2021-06-10,0.0028376426878507794
2021-06-11,-0.003395802719936928
2021-06-14,0.002911059909328399
2021-06-15,0.0021567765238708824
2021-06-16,-0.015300326613472774
2021-06-17,-0.012243150770650812
2021-06-18,0.022094105148148947
2021-06-21,-0.005936626101564687
2021-06-22,-5.293190782111509E-4
2021-06-23,3.668644968122901E-4
2021-06-24,-0.0019859316178208407
2021-06-25,-5.678570526783852E-4
2021-06-28,-0.005261761976273371
2021-06-29,0.005219036327612114
2021-06-30,-4.24293581669892E-4
2021-07-01,-0.003369453575123766
2021-07-02,-3.117276698859209E-4
2021-07-06,-0.008413211040983942
2021-07-07,0.0015125261997425503
2021-07-08,0.016028572864385474
2021-07-09,-0.00264495213170911
2021-07-12,0.0017826928533433849
2021-07-13,0.001714259595317608
2021-07-14,-0.004227704757734272
2021-07-15,-0.011222169285293165
2021-07-16,-0.00881353565366999
2021-07-19,0.02185629028497369
2021-07-20,0.00781519408705562
2021-07-21,-0.003868664188275336
2021-07-22,-0.007669258877335362
2021-07-23,0.004154265070514772
2021-07-26,0.002981831447590344
2021-07-27,0.0020722118823327577
2021-07-28,-0.010662929292153072
2021-07-29,-5.442547886373831E-4
2021-07-30,-6.810893690852823E-4
2021-08-02,-0.003832174300372207
2021-08-03,-0.0030254067928026152
2021-08-04,0.005320902108270253
2021-08-05,2.3601026665096987E-4
2021-08-06,-0.004808199183658507
2021-08-09,-0.008067799331704791
2021-08-10,-0.00643126531955948
2021-08-11,-0.0028767052200983053
2021-08-12,0.0026177670513187323
2021-08-13,-6.990510762352035E-4
2021-08-16,0.002876826494208227
2021-08-17,0.003127972929250983
2021-08-18,-0.008306801806933713
2021-08-19,0.0024811365359580194
2021-08-20,0.00869899195839855
2021-08-23,-0.0033011059016134214
2021-08-24,-0.005952779497928247
2021-08-25,0.00780498270918049
2021-08-26,0.0014435869938281478
2021-08-27,0.002566131049896323
2021-08-30,9.8211964443197E-4
2021-08-31,-0.0049239241134133626
2021-09-01,-0.006369925001188609
2021-09-02,-4.8085709449090274E-4
2021-09-03,0.004418237781667979
2021-09-07,0.005421719680831009
2021-09-08,-0.0031398473949510904
2021-09-09,-0.006622835654490765
2021-09-10,0.006110604887581033
2021-09-13,-6.496956691544495E-4
2021-09-14,0.0033075774343888577
2021-09-15,-0.0010432850925305326
2021-09-16,-0.00219320809845712
2021-09-17,-0.004578494981487797
2021-09-20,-0.002929141060068558
2021-09-21,0.009239832241573695
2021-09-22,0.0030988158185738983
2021-09-23,-0.00828113847411566
2021-09-24,-0.0053397133535567414
2021-09-27,8.048145823575381E-4
2021-09-28,0.00281594591341576
2021-09-29,0.0024083629767576364
2021-09-30,0.00679461453158456
2021-10-01,-0.008921295941291521
2021-10-04,0.012429353316056484
2021-10-05,0.0033559374193492253
2021-10-06,0.002320096899637622
2021-10-07,-0.008683905336824265
2021-10-08,6.367906878083862E-4
2021-10-11,-0.001002787932424433
2021-10-12,-0.004893149439264168
2021-10-13,-0.00876176150958128
2021-10-14,-0.0042997725251852316
2021-10-15,-0.0011779054603708306
2021-10-18,-0.006754218494842635
2021-10-19,-0.002697923170850549
2021-10-20,-0.002630278245624015
2021-10-21,-0.004266679057319857
2021-10-22,7.097044354386734E-4
2021-10-25,8.955627403816595E-4
2021-10-26,0.007217505761498164
2021-10-27,0.008040157535139753
2021-10-28,-0.003703113604617679
2021-10-29,0.005596077652952295
2021-11-01,-0.0027103649066211187
2021-11-02,-0.0062829495138244955
2021-11-03,-0.0026869748921971993
2021-11-04,-0.006518926303337315
2021-11-05,-0.0024149320036536952
2021-11-08,3.045917490136972E-4
2021-11-09,0.015475685020437217
2021-11-10,0.0017174693932859365
2021-11-11,5.927739653954884E-4
2021-11-12,0.0018662316244254429
2021-11-15,0.0026358942923748996
2021-11-16,0.001293098372083897
2021-11-17,-0.0036394621366885533
2021-11-18,-0.0012332672460100404
2021-11-19,0.004734127270469703
2021-11-22,0.010519609534400391
2021-11-23,-0.004093602090959899
2021-11-24,0.006194497190550145
2021-11-26,0.007939525897086044
2021-11-29,-0.021717141254520622
2021-11-30,-0.009980239066112633
2021-12-01,0.02631362142839668
2021-12-02,-0.01999353251812162
2021-12-03,-0.0024077395213313534
2021-12-06,0.019474268734967604
2021-12-07,-0.0013292342120073638
2021-12-08,0.005257741107830816
2021-12-09,-0.015233554917578893
2021-12-10,0.0011910590880478272
2021-12-13,0.002675541663125891
2021-12-14,0.0011902760735486757
2021-12-15,-0.0025244134933698863
2021-12-16,0.009725121179814283
2021-12-17,-0.00712657506740223
2021-12-20,0.024748137384529488
2021-12-21,-0.013093735774635117
2021-12-22,-0.005407326189170153
2021-12-23,-0.010896319597610124
2021-12-27,0.0029415467303960602
2021-12-28,-0.004574471859483858
2021-12-29,0.004496005212649299
2021-12-30,-0.00205374848141619
2021-12-31,0.013282605336391234
2022-01-03,-0.016287836884638016
2022-01-04,-0.002223190078839201
2022-01-05,-0.003955136921539794
2022-01-06,-0.011466473986957739
2022-01-07,0.0022746167901016245
2022-01-10,0.00746260835146581
2022-01-11,0.0014526483957970626
2022-01-12,-1.0454728738055567E-5
2022-01-13,-0.012090411511725456
2022-01-14,-0.0018934292768149634
2022-01-18,-0.0068352605596934506
2022-01-19,-0.009917879471639017
2022-01-20,-0.014870082495143731
2022-01-21,0.008528136710545657
2022-01-24,-0.005733396066418816
2022-01-25,-0.0024099988404290198
2022-01-26,-0.0027172613290201548
2022-01-27,0.022068729902511575
2022-01-28,0.010023329298361108
2022-01-31,9.670187014340874E-4
2022-02-01,-0.009129154503701185
2022-02-02,0.013667652908993008
2022-02-03,0.004968588091318785
2022-02-04,-0.002875870102272059
2022-02-07,-0.006915139439781885
2022-02-08,-0.0072631735025227495
2022-02-09,0.01579790315412765
2022-02-10,0.007527876353972851
2022-02-11,-0.001217445326339211
2022-02-14,0.010464987848584793
2022-02-15,-0.00968328861387122
2022-02-16,0.012173113830136268
2022-02-17,-0.005121616120262816
2022-02-18,-0.003045703065312882
2022-02-22,-0.020791189840372138
2022-02-23,0.018201291203370343
2022-02-24,0.028886905197380457
2022-02-25,-0.0027601721285803738
2022-02-28,-0.022509494992124224
2022-03-01,0.015622329885495615
2022-03-02,-0.014125186100770177
2022-03-03,-0.02345613812126503
2022-03-04,-0.02152692640586641
2022-03-07,0.006270624924217412
2022-03-08,0.03671602367835728
2022-03-09,-0.009472896132989628
2022-03-10,-0.0010508426725156848
2022-03-11,-0.001985205268600243
2022-03-14,0.01821253432588342
2022-03-15,-0.002884567822225459
2022-03-16,-0.008459881041266404
2022-03-17,-0.008904281217752504
2022-03-18,0.0052683358526584186
2022-03-21,-0.0053300201281651985
2022-03-22,0.017668929520783843
2022-03-23,-0.007062794908170147
2022-03-24,-0.009539370275220905
2022-03-25,0.006704750136405492
2022-03-28,-0.010583167616087548
2022-03-29,0.006907820984417135
2022-03-30,0.006191121469690732
2022-03-31,-0.006078116127624357
2022-04-01,0.006787794090187528
2022-04-04,0.004691642943326298
2022-04-05,-0.01631356097803662
2022-04-06,-0.002665811767210119
2022-04-07,-0.0027084749300658045
2022-04-08,4.5381882314363733E-4
2022-04-11,-0.002821627204711388
2022-04-12,0.0145821233375745
2022-04-13,-0.006672582599299148
2022-04-14,3.8921100067719206E-4
2022-04-18,0.020453109690902496
2022-04-19,-0.0011776006340330244
2022-04-20,0.008959139510247282
2022-04-21,-0.009706822991523914
2022-04-22,0.004695586030886885
2022-04-25,-0.02625493804154721
2022-04-26,2.266170913508918E-4
2022-04-27,0.02024978167563432
2022-04-28,-0.015360882612336042
2022-04-29,0.002308214635747406
2022-05-02,0.00819877937825004
2022-05-03,0.024841922218725148
2022-05-04,0.027979053509682453
2022-05-05,-0.026153763604542794
2022-05-06,-0.034727868213149216
2022-05-09,0.00366249368007914
2022-05-10,-0.017908563717823463
2022-05-11,0.013325027748359254
2022-05-12,0.03236315989686195
2022-05-13,-0.015964106653868493
2022-05-16,0.0062998975397115286
2022-05-17,0.03661113028025199
2022-05-18,0.0021385463517021677
2022-05-19,0.003414977626984438
2022-05-20,0.0174169311199625
2022-05-23,-0.015783953920529427
2022-05-24,0.010505939195450252
2022-05-25,-0.002095184172827971
2022-05-26,-0.018366780578457618
2022-05-27,0.011641561567815902
2022-05-31,0.012070950090629147
2022-06-01,-0.0139032103444786
2022-06-02,0.012859260997142082
2022-06-03,-0.0038076501900541813
2022-06-06,0.003636848302002983
2022-06-07,0.007834779656698623
2022-06-08,0.004672369432518636
2022-06-09,-0.018067342124903796
2022-06-10,-0.042547229881756875
2022-06-13,-0.005140440448958555
2022-06-14,0.011356324697013942
2022-06-15,-0.0391263082321208
2022-06-16,0.009440882699282196
2022-06-17,0.017717374684550265
2022-06-21,-0.013030884284006505
2022-06-22,-0.0322005790198622
2022-06-23,0.004056651941786634
2022-06-24,0.005873828828757574
2022-06-27,0.017546748332334584
2022-06-28,-4.465136412505899E-4
2022-06-29,-0.0149253779302566
2022-06-30,-0.005175947958652878
2022-07-01,0.011314460545947036
2022-07-05,-0.003264421749518009
2022-07-06,0.016599258228205568
2022-07-07,0.001107617592303104
2022-07-08,0.011549942088162762
2022-07-11,0.008208233409531486
2022-07-12,-0.010044531413763408
2022-07-13,-0.012029627717201306
2022-07-14,0.0218087016659611
2022-07-15,0.004303100320898486
2022-07-18,0.010245120555235928
2022-07-19,-0.014366049710063982
2022-07-20,-0.00689583652654846
2022-07-21,0.01037880811205129
2022-07-22,0.001091759953677818
2022-07-25,-0.0035519023054184804
2022-07-26,0.005491887628756173
2022-07-27,-0.01872172496196358
2022-07-28,-0.015162505815325978
2022-07-29,0.0023862694433395087
2022-08-01,0.007701757662595609
2022-08-02,-0.010144262311774984
2022-08-03,-0.003067110909918535
2022-08-04,6.151199725102888E-4
2022-08-05,0.005396007628655886
2022-08-08,0.008668457249490882
2022-08-09,0.0010990843004678433
2022-08-10,-0.003272601341229142
2022-08-11,-0.019324712735500602
2022-08-12,-0.0012557662693473439
2022-08-15,-0.0037244516519087515
2022-08-16,0.009134900000030479
2022-08-17,-0.0046975710320235385
2022-08-18,0.0037959683897616572
2022-08-19,-0.019033497930677788
2022-08-22,-0.004798528050035143
2022-08-23,0.0013557846424612672
2022-08-24,0.008143091265098665
2022-08-25,0.003937325032107124
2022-08-26,-0.008275562312452293
2022-08-29,-0.003832314441928293
2022-08-30,-0.007208174360716488
2022-08-31,0.0033448856641805583
2022-09-01,-0.005679640676726699
2022-09-02,-7.914605765768584E-4
2022-09-06,0.02252769184406434
2022-09-07,-0.004612133891967203
2022-09-08,-0.0023129171825862493
2022-09-09,-0.006800937161982355
2022-09-12,0.03702011964109352
2022-09-13,-0.0026625590760106675
2022-09-14,-2.274142324095874E-4
2022-09-15,-0.0023370400889380655
2022-09-16,0.006448685557365545
2022-09-19,-0.01889213700003686
2022-09-20,-0.01801625111172284
2022-09-21,-0.01765606493075881
2022-09-22,-0.015853412900456117
2022-09-23,-0.015821683199742493
2022-09-26,-7.374886421145624E-4
2022-09-27,0.021261317080143168
2022-09-28,0.010530692181506018
2022-09-29,-0.01631829254154107
2022-09-30,0.030741739879298666
2022-10-03,0.018243243247128196
2022-10-04,-0.0012769013450668358
2022-10-05,0.001994991153891097
2022-10-06,0.005564484473306849
2022-10-07,-0.005394783292043372
2022-10-10,-0.001218612195011013
2022-10-11,-0.0016406089734409184
2022-10-12,0.023663583257606365
2022-10-13,0.021736973605441114
2022-10-14,0.028172615154407714
2022-10-17,-0.005455315791181681
2022-10-18,0.01724419342391986
2022-10-19,-0.005296928881573761
2022-10-20,-4.111692707567778E-4
2022-10-21,-0.004580613935711262
2022-10-24,-0.01513906286774083
2022-10-25,0.004619513181109778
2022-10-26,6.46513277494643E-4
2022-10-27,-0.01880867646770823
2022-10-28,0.004523115251712682
2022-10-31,-0.00350374287781453
2022-11-01,0.015764824338503482
2022-11-02,-0.0211023437811106
2022-11-03,0.006116036032147874
2022-11-04,-0.0021453374564399225
2022-11-07,-0.002408295295488145
2022-11-08,0.02123703222022473
2022-11-09,0.0363377662025976
2022-11-10,-0.011541867173530326
2022-11-11,0.01674920994570076
2022-11-14,-0.011811099389312796
2022-11-15,0.01809489052090465
2022-11-16,0.0068885020955815725
2022-11-17,0.003138928410603592
2022-11-18,-0.0022298158197967986
2022-11-21,-0.004999170230619883
2022-11-22,-0.00319511365023144
2022-11-23,-0.0026584749196475544
2022-11-25,0.014844116220445465
2022-11-28,-0.00455496604988348
2022-11-29,-0.002505072605476237
2022-11-30,0.0026986512647976615
2022-12-01,0.0024211706642319683
2022-12-02,0.009229252546774308
2022-12-05,-0.016180182042798537
2022-12-06,-0.002163599990628743
2022-12-07,0.0041422813661261045
2022-12-08,-9.617519025884979E-4
2022-12-09,0.015205626548702538
2022-12-12,-0.001313191299148903
2022-12-13,0.001136454846769255
2022-12-14,0.006620197714422783
2022-12-15,-0.007949166269194861
2022-12-16,-0.011113143718402678
2022-12-19,0.0028573055680165085
2022-12-20,0.014740438991106105
2022-12-21,0.007815862662815809
2022-12-22,0.006193508112106074
2022-12-23,-0.007270225003291597
2022-12-27,0.004214458030050015
2022-12-28,0.021750707353258878
2022-12-29,0.003710415071025208
2022-12-30,-0.006097144140631069
2023-01-03,-0.008401622232429653
2023-01-04,0.0019713191200091172
2023-01-05,0.014151198550691678
2023-01-06,0.0013615076184572712
2023-01-09,-0.0063702327472148585
2023-01-10,-0.011703360152040435
2023-01-11,-0.004205102744856999
2023-01-12,-0.004541683945025984
2023-01-13,-0.001597827891205305
2023-01-17,0.00952560533931819
2023-01-18,-0.004061134513959401
2023-01-19,0.004563726289748913
2023-01-20,-0.01707183763213867
2023-01-23,0.006442745858959025
2023-01-24,0.0019009348650825641
2023-01-25,-0.007903112118868431
2023-01-26,-0.0032989247453005925
2023-01-27,0.014458947394638884
2023-01-30,-0.004862215360884111
2023-01-31,-0.014586474417627953
2023-02-01,-0.02324790089357421
2023-02-02,0.013760286579065563
2023-02-03,0.007839272095872173
2023-02-06,0.003051156888578207
2023-02-07,0.013255182807507815
2023-02-08,0.0012280505924298372
2023-02-09,0.011525696640849126
2023-02-10,0.014562709272869536
2023-02-13,0.0014504076470840065
2023-02-14,-0.011930935680015535
2023-02-15,0.010359366741492508
2023-02-16,0.01054619466347381
2023-02-17,-0.004331146395799644
2023-02-21,2.858288034632273E-4
2023-02-22,0.00595674298831189
2023-02-23,-0.011863884875438959
2023-02-24,0.0010686469405953552
2023-02-27,-0.002682378487614951
2023-02-28,-0.01368420129504559
2023-03-01,0.006375585176679972
2023-03-02,0.0026359395891771163
2023-03-03,0.00343390547460655
2023-03-06,0.010329609829943043
2023-03-07,-0.0013342019856418291
2023-03-08,-0.01866549854309387
2023-03-09,-0.025970471723110802
2023-03-10,-0.01141688831903794
2023-03-13,0.015384506505895297
2023-03-14,-0.015958530336975935
2023-03-15,0.009241888669572209
2023-03-16,-0.010365461201611794
2023-03-17,0.015189102746033304
2023-03-20,-0.002099260517509971
2023-03-21,0.010581608317178866
2023-03-22,-0.01675973601895168
2023-03-23,0.015644116996085648
2023-03-24,0.0123066948643722
2023-03-27,-8.228390208539077E-4
2023-03-28,7.23565255661085E-4
2023-03-29,-0.003786961123225892
2023-03-30,-0.012744569875107838
2023-03-31,4.5004365370678376E-4
2023-04-03,0.007155018266217961
2023-04-04,-0.007338000169741003
2023-04-05,-0.0038784553742107907
2023-04-06,0.009255708063665047
2023-04-10,-0.008343484624591075
2023-04-11,0.003076049324218135
2023-04-12,-0.0017457971803552343
2023-04-13,0.001765020042421706
2023-04-14,0.0032210428019591943
2023-04-17,-0.00401714303098938
2023-04-18,-3.737464346552366E-4
2023-04-19,0.007204728057834889
2023-04-20,6.486295667737174E-5
2023-04-21,0.002767826332990597
2023-04-24,-0.001961005065689741
2023-04-25,-3.8255326870568156E-4
2023-04-26,0.016549710426357184
2023-04-27,0.00630283831647287
2023-04-28,-0.0012544123309222673
2023-05-01,0.00815807013647772
2023-05-02,-0.005119264910299094
2023-05-03,-0.004615773655430827
2023-05-04,0.018441346365194337
2023-05-05,-0.005175708624524133
2023-05-08,0.0013346239603070876
2023-05-09,0.014346895615060126
2023-05-10,-0.012673835483045421
2023-05-11,-0.0014284905105584466
2023-05-12,0.0038596170754892512
2023-05-15,-0.007014842790051799
2023-05-16,0.003196177228894915
2023-05-17,-0.009440260526207106
2023-05-18,0.00468940722322949
2023-05-19,0.0015951219001753862
2023-05-22,0.005334549643421634
2023-05-23,0.0014508024843351715
2023-05-24,-0.0060698703035000565
2023-05-25,-0.005488084214682882
2023-05-26,-0.003531632220381944
2023-05-30,0.003154006529890088
2023-05-31,0.005716390385332082
2023-06-01,0.010874921262208697
2023-06-02,0.00602211367499231
2023-06-05,-0.0077034785130414936
2023-06-06,-0.003498679324183851
2023-06-07,0.005819688479161744
2023-06-08,7.047863867463848E-4
2023-06-09,-0.007970285582051791
2023-06-12,-0.008588315848640973
2023-06-13,0.002651403045239091
2023-06-14,-0.013224521759449598
2023-06-15,4.095188595843968E-4
2023-06-16,0.008901733530015853
2023-06-20,-0.0019195508452433982
2023-06-21,0.002585915183453068
2023-06-22,-0.0029754199009793874
2023-06-23,0.012250823654576679
2023-06-26,0.013516985161527061
2023-06-27,0.003247138653952525
2023-06-28,-0.002047278359599846
2023-06-29,-0.012445415679090998
2023-06-30,6.879288838093458E-4
2023-07-03,0.005992695433821751
2023-07-05,0.01070461212822291
2023-07-06,-0.0027169487204732777
2023-07-07,0.006320977515695307
2023-07-10,-0.012985627931514553
2023-07-11,-0.0028100503076354732
2023-07-12,-0.009679394808462099
2023-07-13,0.005081470610046033
2023-07-14,-0.0035270361705220243
2023-07-17,-0.006171599969330746
2023-07-18,0.0023781989261158756
2023-07-19,4.2613288373186516E-5
2023-07-20,-0.003174725532132339
2023-07-21,-0.0022294358182885937
2023-07-24,-0.0010285146154141573
2023-07-25,9.082774258237447E-4
2023-07-26,0.005224698021854019
2023-07-27,-0.006707136666514536
2023-07-28,0.005863627398528128
2023-07-31,0.0034279117627666017
2023-08-01,0.00810336244926775
2023-08-02,-4.236171770455527E-4
2023-08-03,0.0019634275630275163
2023-08-04,-0.001810066675579378
2023-08-07,0.0013363824076285669
2023-08-08,9.278191962342603E-4
2023-08-09,-0.0018553191988309496
2023-08-10,-0.008137113426761025
2023-08-11,0.005660101936825568
2023-08-14,-0.005940615451781278
2023-08-15,-0.0037658996179163323
2023-08-16,-0.006010935886855245
2023-08-17,0.0026812814071397423
2023-08-18,0.001984676265823925
2023-08-21,-0.0020882124525570113
2023-08-22,0.00716062321347272
2023-08-23,0.008810198030298538
2023-08-24,0.006689125993994692
2023-08-25,0.0011026020792274229
2023-08-28,-0.007428342765638706
2023-08-29,-0.003830628272140165
2023-08-30,-0.0017868953718307087
2023-08-31,-0.004428985650508378
2023-09-01,0.005708763866100651
2023-09-05,0.0036497825993615785
2023-09-06,0.003904247199627893
2023-09-07,-0.0037194440886520936
2023-09-08,0.002511357097867231
2023-09-11,0.0028611838267960767
2023-09-12,2.5197217228432786E-4
2023-09-13,0.005017476852975007
2023-09-14,0.0045695762978267065
2023-09-15,0.0055981715426255355
2023-09-18,0.005741457499038362
2023-09-19,-0.004391757173870627
2023-09-20,-0.014809618929123317
2023-09-21,-0.0037582455156872532
2023-09-22,0.001365883604147255
2023-09-25,-0.010489126407493164
2023-09-26,9.508395151698502E-4
2023-09-27,0.0042908412949748224
2023-09-28,0.004164085278136369
2023-09-29,-0.022012978692877622
2023-10-02,-0.004825243637803666
2023-10-03,0.005635974274083208
2023-10-04,-0.0030126830567709013
2023-10-05,0.004064489796907747
2023-10-06,0.007383110462045572
2023-10-09,5.862958422054961E-4
2023-10-10,-0.004607745318852373
2023-10-11,0.0019029521265606774
2023-10-12,0.009443447311634302
2023-10-13,0.002963897012175009
2023-10-16,-0.0023361334239867314
2023-10-17,0.010194421366361051
2023-10-18,-0.006240366933175468
2023-10-19,-0.009539442747980477
2023-10-20,-0.0016549246272401638
2023-10-23,0.0091483052773158
2023-10-24,-0.011952353329366611
2023-10-25,-0.0038925662047206897
2023-10-26,-0.007981178964079455
2023-10-27,0.004454804127087653
2023-10-30,0.006107952916979554
2023-10-31,7.072411788927917E-5
2023-11-01,-0.009423785829520604
2023-11-02,-0.015565262987790818
2023-11-03,0.0035893206319892986
2023-11-06,0.0022529739594093568
2023-11-07,-0.005940856312014151
2023-11-08,0.002764761515577822
2023-11-09,-7.35395343144136E-5
2023-11-10,0.0015707242176084485
2023-11-13,0.007265157011999516
2023-11-14,-0.0020481799095181147
2023-11-15,0.001211680131904082
2023-11-16,-0.0010833668835855432
2023-11-17,-0.003346516846511435
2023-11-20,0.004626823726225591
2023-11-21,-0.0037874704479487643
2023-11-22,-6.464216246576926E-4
2023-11-24,6.197527345345605E-4
2023-11-27,0.006230317402058377
2023-11-28,-0.00535937780830891
2023-11-29,-0.0017343007227618318
2023-11-30,-0.012445665755043843
2023-12-01,-8.543675290572113E-4
2023-12-04,0.005315057898028173
2023-12-05,-0.003855108784977512
2023-12-06,0.002700659775901217
2023-12-07,1.8448990852731705E-4
2023-12-08,-0.007363426479681808
2023-12-11,-0.008859487239160921
2023-12-12,-0.009233243991496038
2023-12-13,-0.015540755889019195
2023-12-14,0.001717199991393216
2023-12-15,0.004183712137099246
2023-12-18,-0.007059458246559
2023-12-19,0.012157247234520685
2023-12-20,1.025559051149792E-4
2023-12-21,-7.617857509461472E-6
2023-12-22,-0.00382438033725331
2023-12-26,-8.721625716510001E-4
2023-12-27,4.605694430976208E-4
2023-12-28,0.006897160127535341
2023-12-29,-0.0012966979708872312
2024-01-02,-0.006980726206548918
2024-01-03,-0.0013994864434297757
2024-01-04,-0.0015590629754102018
2024-01-05,0.011169954264709826
2024-01-08,0.00291692318982271
2024-01-09,-0.002466237782664483
2024-01-10,-5.047163478366116E-4
2024-01-11,8.269714038690859E-4
2024-01-12,-0.007634612415698692
2024-01-16,-0.007371826725869918
2024-01-17,-1.9149996817998234E-4
2024-01-18,-0.0024767856007717726
2024-01-19,-0.005086525389630573
2024-01-22,0.001925622968598315
2024-01-23,-0.0011144957908407634
2024-01-24,0.006692354148050234
2024-01-25,-0.0010576374318499115
2024-01-26,-0.0027317987306763867
2024-01-29,0.003201671130222089
2024-01-30,0.01173274079681335
2024-01-31,-0.0020358515586449354
2024-02-01,0.0019122657512397935
2024-02-02,-0.004661745576934077
2024-02-05,0.0042029332457934054
2024-02-06,-0.0011159309933548242
2024-02-07,-0.0034089518635094965
2024-02-08,-0.0038428417621081223
2024-02-09,0.003263531390351636
2024-02-12,0.02282243202250864
2024-02-13,0.0015647150371132026
2024-02-14,-0.0029012394449957502
2024-02-15,-0.00523029477410778
2024-02-16,0.0031144104432628294
2024-02-20,0.0016529078762833656
2024-02-21,0.008671067347932009
2024-02-22,0.0025447011123068226
2024-02-23,0.004824037267601304
2024-02-26,-0.0016290672507807778
2024-02-27,-0.005382629903496641
2024-02-28,-0.003925107832976489
2024-02-29,-0.005554692707880735
2024-03-01,-9.005027205733613E-4
2024-03-04,0.006493798055802247
2024-03-05,0.0032627672721369625
2024-03-06,-0.00119716337565897
2024-03-07,0.0050300699620046884
2024-03-08,0.0027197477234103223
2024-03-11,-0.00350586835054692
2024-03-12,-0.003394037997391165
2024-03-13,0.0058456403728889324
2024-03-14,9.938569266623933E-4
2024-03-15,0.0010673364845008087
2024-03-18,0.0016092445520698294
2024-03-19,-0.00617610407345992
2024-03-20,-0.00770595115962571
2024-03-21,0.007490201788977912
2024-03-22,0.0027998230992435677
2024-03-25,0.0039711530514300476
2024-03-26,0.006519989349771879
2024-03-27,-0.005560113735348783
2024-03-28,0.008535544633318282
2024-04-01,0.006519018557556611
2024-04-02,-3.116041811638429E-4
2024-04-03,-1.8475911488720654E-4
2024-04-04,0.006630129445688242
2024-04-05,0.0035947419238653877
2024-04-08,0.0055980226615538215
2024-04-09,0.00885899074828027
2024-04-10,-0.00571833387461548
2024-04-11,-0.0014284752369802408
2024-04-12,-0.008488582672697522
2024-04-15,-0.006932270474374019
2024-04-16,-6.922436345298672E-4
2024-04-17,8.753884175544302E-4
2024-04-18,-0.006840961450475358
2024-04-19,0.005487127323870887
2024-04-22,9.915706312754432E-4
2024-04-23,-0.0030715357443427084
2024-04-24,0.002367413757091845
2024-04-25,0.002933170598099283
2024-04-26,0.0013482219999586896
2024-04-29,0.009455920599691177
2024-04-30,-0.0028410329037273723
2024-05-01,9.179665484891234E-4
2024-05-02,-0.0026099690858775583
2024-05-03,-0.00210143503141807
2024-05-06,0.005942885506909643
2024-05-07,0.0036039015611126625
2024-05-08,-0.0035263051108084674
2024-05-09,-0.0015413418724639623
2024-05-10,0.0038901251124551783
2024-05-13,-8.629831483415609E-4
2024-05-14,-0.008526042640704546
2024-05-15,0.0035605467600165535
2024-05-16,-0.003789098884656115
2024-05-17,3.671608844746175E-4
2024-05-20,-0.0034085123751193677
2024-05-21,8.670215347387824E-4
2024-05-22,-9.071606049767657E-4
2024-05-23,0.003993204959728236
2024-05-24,-0.006371277262988752
2024-05-28,-0.009056081393814511
2024-05-29,0.005578476035927755
2024-05-30,0.004704138852679013
2024-05-31,0.0011090487375824884
2024-06-03,-0.0016547070704054966
2024-06-04,0.011263063886798232
2024-06-05,0.003941429090336535
2024-06-06,0.0018329687259448799
2024-06-07,0.002489821391422461
2024-06-10,0.002412491153532008
2024-06-11,-0.008896776696215617
2024-06-12,-0.007194399589278357
2024-06-13,0.0012081381118102395
2024-06-14,-7.02197718350079E-4
2024-06-17,-0.003646265917446878
2024-06-18,0.004519721654395122
2024-06-20,0.001117908135172176
2024-06-21,0.003667472822395635
2024-06-24,0.0071913811708097485
2024-06-25,-0.0016826396516001947
2024-06-26,0.004800547317936505
2024-06-27,2.2830893087910642E-5
2024-06-28,-0.004496412965222788
2024-07-01,0.0024475269706659233
2024-07-02,0.001012092593401193
2024-07-03,0.0034746622875214315
2024-07-05,0.004130502534156838
2024-07-08,0.0025777574377421693
2024-07-09,0.004262490739062036
2024-07-10,-0.0012950281822536245
2024-07-11,-0.0081303326128209
2024-07-12,-0.0033571660617575383
2024-07-15,-0.013121099126353774
2024-07-16,0.0017889911898129704
2024-07-17,0.004843119249006918
2024-07-18,0.0037634874630566167
2024-07-19,0.016081785183772356
2024-07-22,0.00996060283214333
2024-07-23,0.014203567658060948
2024-07-24,-0.009504174119440002
2024-07-25,-0.002214032748649283
2024-07-26,0.0025702727186640005
2024-07-29,-0.011548396240338491
2024-07-30,0.011606868945363509
2024-07-31,0.001277036628601535
2024-08-01,-0.008008515852774465
2024-08-02,-0.007547969257344211
2024-08-05,0.012166627369619216
2024-08-06,-0.006728792110462219
2024-08-07,0.02983729601603166
2024-08-08,0.01174060581809333
2024-08-09,-0.007006469980353036
2024-08-12,0.0059652925598076
2024-08-13,2.2288132492611265E-4
2024-08-14,5.525154455072892E-4
2024-08-15,-8.424460569676511E-4
2024-08-16,-0.005587502966185094
2024-08-19,0.006102062699418232
2024-08-20,-0.005718954648091584
2024-08-21,0.002712268664023909
2024-08-22,-0.004690668615951182
2024-08-23,-0.0015143916696195
2024-08-26,-5.706240957895273E-4
2024-08-27,0.0011673541429078511
2024-08-28,-0.0030479057595682708
2024-08-29,-0.005445881243970686
2024-08-30,0.008846768185650573
2024-09-03,0.001288643453246424
2024-09-04,0.0044209600036078335
2024-09-05,-0.011647473698620221
2024-09-06,0.009071367650975696
2024-09-09,-7.851308248803937E-4
2024-09-10,0.006106942414853598
2024-09-11,-0.003855064313878926
2024-09-12,-0.004952046382098807
2024-09-13,-0.010737990466289378
2024-09-16,-0.0034072758278880927
2024-09-17,0.0013005083269229869
2024-09-18,-0.016610150938051335
2024-09-19,0.005983541051644126
2024-09-20,0.0011888463203888811
2024-09-23,-0.006288129083650553
2024-09-24,0.0032719633763309704
2024-09-25,0.002297583985278244
2024-09-26,0.0065862832664266195
2024-09-27,0.0023667162586052753
2024-09-30,7.111254131492507E-4
2024-10-01,-0.0024711970286429618
2024-10-02,-0.003290950159625948
2024-10-03,1.5462017550527118E-4
2024-10-04,0.006826556729928546
2024-10-07,0.00398656920959885
2024-10-08,-0.0063974559281160205
2024-10-09,0.003199577401797172
2024-10-10,6.733576207088167E-4
2024-10-11,-0.0029312741151706506
2024-10-14,0.0028229445716780573
2024-10-15,-0.006265780010727456
2024-10-16,-0.0033045120498165796
2024-10-17,0.001021256204293256
2024-10-18,0.004362703488850377
2024-10-21,0.0029307153280070173
2024-10-22,0.0018956711805715348
2024-10-23,7.709971727435848E-4
2024-10-24,0.002653537897076494
2024-10-25,0.005570207105064902
2024-10-28,-0.003257481934270612
2024-10-29,0.0012899507656329138
2024-10-30,0.0021177727350682463
2024-10-31,-0.0018915148178258376
2024-11-01,0.004462207639314452
2024-11-04,0.006439248425912551
2024-11-05,-0.012181340744540338
2024-11-06,0.0037471238734180057
2024-11-07,-0.009474816830788324
2024-11-08,-0.0032564018050008094
2024-11-11,0.0032527207814660323
2024-11-12,-0.0015221794715829552
2024-11-13,5.977515751589271E-4
2024-11-14,-0.009954380924378439
2024-11-15,-8.56498846458453E-5
2024-11-18,-1.0917341634892515E-4
2024-11-19,0.0069418234925371575
2024-11-20,-0.004561643559116043
2024-11-21,-0.004559523171669009
2024-11-22,5.570241678461384E-4
2024-11-25,0.002732396190146
2024-11-26,-6.752976126575509E-4
2024-11-27,0.0024446697180933643
2024-11-29,0.007009124438970689
2024-12-02,-0.0037335197759731007
2024-12-03,-0.004553982274434191
2024-12-04,0.005716422342200912
2024-12-05,-0.007386437052237893
2024-12-06,0.010795015836998321
2024-12-09,-0.0032186653871325278
2024-12-10,-0.0019591736597806683
2024-12-11,-9.701603810681383E-4
2024-12-12,3.9894396699122057E-4
2024-12-13,-0.01538709534700469
2024-12-16,9.643316407987509E-4
2024-12-17,-0.024741007067798707
2024-12-18,-2.8847789806108886E-4
2024-12-19,0.01244866834447121
2024-12-20,0.0026531943461303048
2024-12-23,0.0010564901474776067
2024-12-24,-0.0029377488045718527
2024-12-26,0.002659718298938328
2024-12-27,-4.832391164477645E-4
